
Collecting usage statistics. To deactivate, set browser.gatherUsageStats to false.

2026-05-12 20:48:58.427 Uvicorn server started on 0.0.0.0:8501

  You can now view your Streamlit app in your browser.

  Local URL: http://localhost:8501
  Network URL: http://192.168.2.7:8501
  External URL: http://190.25.64.243:8501

  For better performance, install the Watchdog module:

  $ xcode-select --install
  $ pip install watchdog
            
/Users/fernandozamora/Documents/Kennedy/kennedy_mira_analysis/app.py:1367: DeprecationWarning: 
folium_static is deprecated and will be removed in a future release, or
simply replaced with with st_folium which always passes
returned_objects=[] to the component.
Please try using st_folium instead, and
post an issue at https://github.com/randyzwitch/streamlit-folium/issues
if you experience issues with st_folium.

  folium_static(mapa, width=1600, height=height)
2026-05-12 20:51:42.265 Please replace `st.components.v1.html` with `st.iframe`.

`st.components.v1.html` will be removed after 2026-06-01.
/Users/fernandozamora/Documents/Kennedy/kennedy_mira_analysis/app.py:1367: DeprecationWarning: 
folium_static is deprecated and will be removed in a future release, or
simply replaced with with st_folium which always passes
returned_objects=[] to the component.
Please try using st_folium instead, and
post an issue at https://github.com/randyzwitch/streamlit-folium/issues
if you experience issues with st_folium.

  folium_static(mapa, width=1600, height=height)
2026-05-12 20:51:43.395 Please replace `st.components.v1.html` with `st.iframe`.

`st.components.v1.html` will be removed after 2026-06-01.
2026-05-12 20:51:44.482 Serialization of dataframe to Arrow table was unsuccessful. Applying automatic fixes for column types to make the dataframe Arrow-compatible.
Traceback (most recent call last):
  File "/Users/fernandozamora/Documents/Kennedy/kennedy_mira_analysis/venv/lib/python3.14/site-packages/streamlit/dataframe_util.py", line 961, in convert_pandas_df_to_arrow_bytes
    table = pa.Table.from_pandas(df)
  File "pyarrow/table.pxi", line 4768, in pyarrow.lib.Table.from_pandas
  File "/Users/fernandozamora/Documents/Kennedy/kennedy_mira_analysis/venv/lib/python3.14/site-packages/pyarrow/pandas_compat.py", line 651, in dataframe_to_arrays
    arrays = [convert_column(c, f)
              ~~~~~~~~~~~~~~^^^^^^
  File "/Users/fernandozamora/Documents/Kennedy/kennedy_mira_analysis/venv/lib/python3.14/site-packages/pyarrow/pandas_compat.py", line 639, in convert_column
    raise e
  File "/Users/fernandozamora/Documents/Kennedy/kennedy_mira_analysis/venv/lib/python3.14/site-packages/pyarrow/pandas_compat.py", line 633, in convert_column
    result = pa.array(col, type=type_, from_pandas=True, safe=safe)
  File "pyarrow/array.pxi", line 390, in pyarrow.lib.array
  File "pyarrow/array.pxi", line 91, in pyarrow.lib._ndarray_to_array
    check_status(NdarrayToArrow(pool, values, mask, from_pandas,
  File "pyarrow/error.pxi", line 92, in pyarrow.lib.check_status
pyarrow.lib.ArrowInvalid: ("Could not convert 'MT - NUEVA MARSELLA TALA DE ARBOLES (8385)' with type str: tried to convert to int64", 'Conversion failed for column Valor with type object')
2026-05-12 20:51:44.657 Please replace `use_container_width` with `width`.

`use_container_width` will be removed after 2025-12-31.

For `use_container_width=True`, use `width='stretch'`. For `use_container_width=False`, use `width='content'`.
2026-05-12 20:51:44.721 Please replace `use_container_width` with `width`.

`use_container_width` will be removed after 2025-12-31.

For `use_container_width=True`, use `width='stretch'`. For `use_container_width=False`, use `width='content'`.
2026-05-12 20:51:44.823 Please replace `use_container_width` with `width`.

`use_container_width` will be removed after 2025-12-31.

For `use_container_width=True`, use `width='stretch'`. For `use_container_width=False`, use `width='content'`.
2026-05-12 20:51:44.962 Please replace `use_container_width` with `width`.

`use_container_width` will be removed after 2025-12-31.

For `use_container_width=True`, use `width='stretch'`. For `use_container_width=False`, use `width='content'`.
/Users/fernandozamora/Documents/Kennedy/kennedy_mira_analysis/app.py:1367: DeprecationWarning: 
folium_static is deprecated and will be removed in a future release, or
simply replaced with with st_folium which always passes
returned_objects=[] to the component.
Please try using st_folium instead, and
post an issue at https://github.com/randyzwitch/streamlit-folium/issues
if you experience issues with st_folium.

  folium_static(mapa, width=1600, height=height)
2026-05-12 20:51:45.955 Please replace `st.components.v1.html` with `st.iframe`.

`st.components.v1.html` will be removed after 2026-06-01.
/Users/fernandozamora/Documents/Kennedy/kennedy_mira_analysis/app.py:1367: DeprecationWarning: 
folium_static is deprecated and will be removed in a future release, or
simply replaced with with st_folium which always passes
returned_objects=[] to the component.
Please try using st_folium instead, and
post an issue at https://github.com/randyzwitch/streamlit-folium/issues
if you experience issues with st_folium.

  folium_static(mapa, width=1600, height=height)
2026-05-12 20:51:47.102 Please replace `st.components.v1.html` with `st.iframe`.

`st.components.v1.html` will be removed after 2026-06-01.
2026-05-12 20:51:48.126 Serialization of dataframe to Arrow table was unsuccessful. Applying automatic fixes for column types to make the dataframe Arrow-compatible.
Traceback (most recent call last):
  File "/Users/fernandozamora/Documents/Kennedy/kennedy_mira_analysis/venv/lib/python3.14/site-packages/streamlit/dataframe_util.py", line 961, in convert_pandas_df_to_arrow_bytes
    table = pa.Table.from_pandas(df)
  File "pyarrow/table.pxi", line 4768, in pyarrow.lib.Table.from_pandas
  File "/Users/fernandozamora/Documents/Kennedy/kennedy_mira_analysis/venv/lib/python3.14/site-packages/pyarrow/pandas_compat.py", line 651, in dataframe_to_arrays
    arrays = [convert_column(c, f)
              ~~~~~~~~~~~~~~^^^^^^
  File "/Users/fernandozamora/Documents/Kennedy/kennedy_mira_analysis/venv/lib/python3.14/site-packages/pyarrow/pandas_compat.py", line 639, in convert_column
    raise e
  File "/Users/fernandozamora/Documents/Kennedy/kennedy_mira_analysis/venv/lib/python3.14/site-packages/pyarrow/pandas_compat.py", line 633, in convert_column
    result = pa.array(col, type=type_, from_pandas=True, safe=safe)
  File "pyarrow/array.pxi", line 390, in pyarrow.lib.array
    result = _ndarray_to_array(values, mask, type, c_from_pandas, safe,
  File "pyarrow/array.pxi", line 91, in pyarrow.lib._ndarray_to_array
    check_status(NdarrayToArrow(pool, values, mask, from_pandas,
  File "pyarrow/error.pxi", line 92, in pyarrow.lib.check_status
pyarrow.lib.ArrowInvalid: ("Could not convert 'MT - NUEVA MARSELLA TALA DE ARBOLES (8385)' with type str: tried to convert to int64", 'Conversion failed for column Valor with type object')
2026-05-12 20:51:48.265 Please replace `use_container_width` with `width`.

`use_container_width` will be removed after 2025-12-31.

For `use_container_width=True`, use `width='stretch'`. For `use_container_width=False`, use `width='content'`.
2026-05-12 20:51:48.330 Please replace `use_container_width` with `width`.

`use_container_width` will be removed after 2025-12-31.

For `use_container_width=True`, use `width='stretch'`. For `use_container_width=False`, use `width='content'`.
2026-05-12 20:51:48.475 Please replace `use_container_width` with `width`.

`use_container_width` will be removed after 2025-12-31.

For `use_container_width=True`, use `width='stretch'`. For `use_container_width=False`, use `width='content'`.
2026-05-12 20:51:48.595 Please replace `use_container_width` with `width`.

`use_container_width` will be removed after 2025-12-31.

For `use_container_width=True`, use `width='stretch'`. For `use_container_width=False`, use `width='content'`.
2026-05-12 20:51:48.730 Please replace `use_container_width` with `width`.

`use_container_width` will be removed after 2025-12-31.

For `use_container_width=True`, use `width='stretch'`. For `use_container_width=False`, use `width='content'`.
/Users/fernandozamora/Documents/Kennedy/kennedy_mira_analysis/app.py:1367: DeprecationWarning: 
folium_static is deprecated and will be removed in a future release, or
simply replaced with with st_folium which always passes
returned_objects=[] to the component.
Please try using st_folium instead, and
post an issue at https://github.com/randyzwitch/streamlit-folium/issues
if you experience issues with st_folium.

  folium_static(mapa, width=1600, height=height)
2026-05-12 20:51:49.939 Please replace `st.components.v1.html` with `st.iframe`.

`st.components.v1.html` will be removed after 2026-06-01.
/Users/fernandozamora/Documents/Kennedy/kennedy_mira_analysis/app.py:1367: DeprecationWarning: 
folium_static is deprecated and will be removed in a future release, or
simply replaced with with st_folium which always passes
returned_objects=[] to the component.
Please try using st_folium instead, and
post an issue at https://github.com/randyzwitch/streamlit-folium/issues
if you experience issues with st_folium.

  folium_static(mapa, width=1600, height=height)
2026-05-12 20:51:51.450 Please replace `st.components.v1.html` with `st.iframe`.

`st.components.v1.html` will be removed after 2026-06-01.
/Users/fernandozamora/Documents/Kennedy/kennedy_mira_analysis/app.py:1367: DeprecationWarning: 
folium_static is deprecated and will be removed in a future release, or
simply replaced with with st_folium which always passes
returned_objects=[] to the component.
Please try using st_folium instead, and
post an issue at https://github.com/randyzwitch/streamlit-folium/issues
if you experience issues with st_folium.

  folium_static(mapa, width=1600, height=height)
2026-05-12 20:51:51.873 Please replace `st.components.v1.html` with `st.iframe`.

`st.components.v1.html` will be removed after 2026-06-01.
2026-05-12 20:51:52.132 Serialization of dataframe to Arrow table was unsuccessful. Applying automatic fixes for column types to make the dataframe Arrow-compatible.
Traceback (most recent call last):
  File "/Users/fernandozamora/Documents/Kennedy/kennedy_mira_analysis/venv/lib/python3.14/site-packages/streamlit/dataframe_util.py", line 961, in convert_pandas_df_to_arrow_bytes
    table = pa.Table.from_pandas(df)
  File "pyarrow/table.pxi", line 4768, in pyarrow.lib.Table.from_pandas
  File "/Users/fernandozamora/Documents/Kennedy/kennedy_mira_analysis/venv/lib/python3.14/site-packages/pyarrow/pandas_compat.py", line 651, in dataframe_to_arrays
    arrays = [convert_column(c, f)
              ~~~~~~~~~~~~~~^^^^^^
  File "/Users/fernandozamora/Documents/Kennedy/kennedy_mira_analysis/venv/lib/python3.14/site-packages/pyarrow/pandas_compat.py", line 639, in convert_column
    raise e
  File "/Users/fernandozamora/Documents/Kennedy/kennedy_mira_analysis/venv/lib/python3.14/site-packages/pyarrow/pandas_compat.py", line 633, in convert_column
    result = pa.array(col, type=type_, from_pandas=True, safe=safe)
  File "pyarrow/array.pxi", line 390, in pyarrow.lib.array
    result = _ndarray_to_array(values, mask, type, c_from_pandas, safe,
  File "pyarrow/array.pxi", line 91, in pyarrow.lib._ndarray_to_array
    check_status(NdarrayToArrow(pool, values, mask, from_pandas,
  File "pyarrow/error.pxi", line 92, in pyarrow.lib.check_status
pyarrow.lib.ArrowInvalid: ("Could not convert 'MT - NUEVA MARSELLA TALA DE ARBOLES (8385)' with type str: tried to convert to int64", 'Conversion failed for column Valor with type object')
2026-05-12 20:51:52.293 Please replace `use_container_width` with `width`.

`use_container_width` will be removed after 2025-12-31.

For `use_container_width=True`, use `width='stretch'`. For `use_container_width=False`, use `width='content'`.
2026-05-12 20:51:52.362 Please replace `use_container_width` with `width`.

`use_container_width` will be removed after 2025-12-31.

For `use_container_width=True`, use `width='stretch'`. For `use_container_width=False`, use `width='content'`.
2026-05-12 20:51:52.469 Please replace `use_container_width` with `width`.

`use_container_width` will be removed after 2025-12-31.

For `use_container_width=True`, use `width='stretch'`. For `use_container_width=False`, use `width='content'`.
2026-05-12 20:51:52.613 Please replace `use_container_width` with `width`.

`use_container_width` will be removed after 2025-12-31.

For `use_container_width=True`, use `width='stretch'`. For `use_container_width=False`, use `width='content'`.
2026-05-12 20:51:52.751 Please replace `use_container_width` with `width`.

`use_container_width` will be removed after 2025-12-31.

For `use_container_width=True`, use `width='stretch'`. For `use_container_width=False`, use `width='content'`.
/Users/fernandozamora/Documents/Kennedy/kennedy_mira_analysis/app.py:1367: DeprecationWarning: 
folium_static is deprecated and will be removed in a future release, or
simply replaced with with st_folium which always passes
returned_objects=[] to the component.
Please try using st_folium instead, and
post an issue at https://github.com/randyzwitch/streamlit-folium/issues
if you experience issues with st_folium.

  folium_static(mapa, width=1600, height=height)
2026-05-12 20:51:54.074 Please replace `st.components.v1.html` with `st.iframe`.

`st.components.v1.html` will be removed after 2026-06-01.
/Users/fernandozamora/Documents/Kennedy/kennedy_mira_analysis/app.py:1367: DeprecationWarning: 
folium_static is deprecated and will be removed in a future release, or
simply replaced with with st_folium which always passes
returned_objects=[] to the component.
Please try using st_folium instead, and
post an issue at https://github.com/randyzwitch/streamlit-folium/issues
if you experience issues with st_folium.

  folium_static(mapa, width=1600, height=height)
2026-05-12 20:51:54.494 Please replace `st.components.v1.html` with `st.iframe`.

`st.components.v1.html` will be removed after 2026-06-01.
2026-05-12 20:51:54.750 Serialization of dataframe to Arrow table was unsuccessful. Applying automatic fixes for column types to make the dataframe Arrow-compatible.
Traceback (most recent call last):
  File "/Users/fernandozamora/Documents/Kennedy/kennedy_mira_analysis/venv/lib/python3.14/site-packages/streamlit/dataframe_util.py", line 961, in convert_pandas_df_to_arrow_bytes
    table = pa.Table.from_pandas(df)
  File "pyarrow/table.pxi", line 4768, in pyarrow.lib.Table.from_pandas
  File "/Users/fernandozamora/Documents/Kennedy/kennedy_mira_analysis/venv/lib/python3.14/site-packages/pyarrow/pandas_compat.py", line 651, in dataframe_to_arrays
    arrays = [convert_column(c, f)
              ~~~~~~~~~~~~~~^^^^^^
  File "/Users/fernandozamora/Documents/Kennedy/kennedy_mira_analysis/venv/lib/python3.14/site-packages/pyarrow/pandas_compat.py", line 639, in convert_column
    raise e
  File "/Users/fernandozamora/Documents/Kennedy/kennedy_mira_analysis/venv/lib/python3.14/site-packages/pyarrow/pandas_compat.py", line 633, in convert_column
    result = pa.array(col, type=type_, from_pandas=True, safe=safe)
  File "pyarrow/array.pxi", line 390, in pyarrow.lib.array
    result = _ndarray_to_array(values, mask, type, c_from_pandas, safe,
  File "pyarrow/array.pxi", line 91, in pyarrow.lib._ndarray_to_array
    check_status(NdarrayToArrow(pool, values, mask, from_pandas,
  File "pyarrow/error.pxi", line 92, in pyarrow.lib.check_status
pyarrow.lib.ArrowInvalid: ("Could not convert 'MT - NUEVA MARSELLA TALA DE ARBOLES (8385)' with type str: tried to convert to int64", 'Conversion failed for column Valor with type object')
2026-05-12 20:51:54.887 Please replace `use_container_width` with `width`.

`use_container_width` will be removed after 2025-12-31.

For `use_container_width=True`, use `width='stretch'`. For `use_container_width=False`, use `width='content'`.
2026-05-12 20:51:54.954 Please replace `use_container_width` with `width`.

`use_container_width` will be removed after 2025-12-31.

For `use_container_width=True`, use `width='stretch'`. For `use_container_width=False`, use `width='content'`.
2026-05-12 20:51:55.086 Please replace `use_container_width` with `width`.

`use_container_width` will be removed after 2025-12-31.

For `use_container_width=True`, use `width='stretch'`. For `use_container_width=False`, use `width='content'`.
2026-05-12 20:51:55.190 Please replace `use_container_width` with `width`.

`use_container_width` will be removed after 2025-12-31.

For `use_container_width=True`, use `width='stretch'`. For `use_container_width=False`, use `width='content'`.
2026-05-12 20:51:55.317 Please replace `use_container_width` with `width`.

`use_container_width` will be removed after 2025-12-31.

For `use_container_width=True`, use `width='stretch'`. For `use_container_width=False`, use `width='content'`.
/Users/fernandozamora/Documents/Kennedy/kennedy_mira_analysis/app.py:1367: DeprecationWarning: 
folium_static is deprecated and will be removed in a future release, or
simply replaced with with st_folium which always passes
returned_objects=[] to the component.
Please try using st_folium instead, and
post an issue at https://github.com/randyzwitch/streamlit-folium/issues
if you experience issues with st_folium.

  folium_static(mapa, width=1600, height=height)
2026-05-12 21:07:38.519 Please replace `st.components.v1.html` with `st.iframe`.

`st.components.v1.html` will be removed after 2026-06-01.
/Users/fernandozamora/Documents/Kennedy/kennedy_mira_analysis/app.py:1367: DeprecationWarning: 
folium_static is deprecated and will be removed in a future release, or
simply replaced with with st_folium which always passes
returned_objects=[] to the component.
Please try using st_folium instead, and
post an issue at https://github.com/randyzwitch/streamlit-folium/issues
if you experience issues with st_folium.

  folium_static(mapa, width=1600, height=height)
2026-05-12 21:07:40.477 Please replace `st.components.v1.html` with `st.iframe`.

`st.components.v1.html` will be removed after 2026-06-01.
2026-05-12 21:07:42.190 Serialization of dataframe to Arrow table was unsuccessful. Applying automatic fixes for column types to make the dataframe Arrow-compatible.
Traceback (most recent call last):
  File "/Users/fernandozamora/Documents/Kennedy/kennedy_mira_analysis/venv/lib/python3.14/site-packages/streamlit/dataframe_util.py", line 961, in convert_pandas_df_to_arrow_bytes
    table = pa.Table.from_pandas(df)
  File "pyarrow/table.pxi", line 4768, in pyarrow.lib.Table.from_pandas
  File "/Users/fernandozamora/Documents/Kennedy/kennedy_mira_analysis/venv/lib/python3.14/site-packages/pyarrow/pandas_compat.py", line 651, in dataframe_to_arrays
    arrays = [convert_column(c, f)
              ~~~~~~~~~~~~~~^^^^^^
  File "/Users/fernandozamora/Documents/Kennedy/kennedy_mira_analysis/venv/lib/python3.14/site-packages/pyarrow/pandas_compat.py", line 639, in convert_column
    raise e
  File "/Users/fernandozamora/Documents/Kennedy/kennedy_mira_analysis/venv/lib/python3.14/site-packages/pyarrow/pandas_compat.py", line 633, in convert_column
    result = pa.array(col, type=type_, from_pandas=True, safe=safe)
  File "pyarrow/array.pxi", line 390, in pyarrow.lib.array
    result = _ndarray_to_array(values, mask, type, c_from_pandas, safe,
  File "pyarrow/array.pxi", line 91, in pyarrow.lib._ndarray_to_array
    check_status(NdarrayToArrow(pool, values, mask, from_pandas,
  File "pyarrow/error.pxi", line 92, in pyarrow.lib.check_status
pyarrow.lib.ArrowInvalid: ("Could not convert 'MT - NUEVA MARSELLA TALA DE ARBOLES (8385)' with type str: tried to convert to int64", 'Conversion failed for column Valor with type object')
2026-05-12 21:07:42.349 Please replace `use_container_width` with `width`.

`use_container_width` will be removed after 2025-12-31.

For `use_container_width=True`, use `width='stretch'`. For `use_container_width=False`, use `width='content'`.
2026-05-12 21:07:42.419 Please replace `use_container_width` with `width`.

`use_container_width` will be removed after 2025-12-31.

For `use_container_width=True`, use `width='stretch'`. For `use_container_width=False`, use `width='content'`.
2026-05-12 21:07:42.521 Please replace `use_container_width` with `width`.

`use_container_width` will be removed after 2025-12-31.

For `use_container_width=True`, use `width='stretch'`. For `use_container_width=False`, use `width='content'`.
2026-05-12 21:07:42.687 Please replace `use_container_width` with `width`.

`use_container_width` will be removed after 2025-12-31.

For `use_container_width=True`, use `width='stretch'`. For `use_container_width=False`, use `width='content'`.
2026-05-12 21:07:42.835 Please replace `use_container_width` with `width`.

`use_container_width` will be removed after 2025-12-31.

For `use_container_width=True`, use `width='stretch'`. For `use_container_width=False`, use `width='content'`.
/Users/fernandozamora/Documents/Kennedy/kennedy_mira_analysis/app.py:1367: DeprecationWarning: 
folium_static is deprecated and will be removed in a future release, or
simply replaced with with st_folium which always passes
returned_objects=[] to the component.
Please try using st_folium instead, and
post an issue at https://github.com/randyzwitch/streamlit-folium/issues
if you experience issues with st_folium.

  folium_static(mapa, width=1600, height=height)
2026-05-12 21:07:44.083 Please replace `st.components.v1.html` with `st.iframe`.

`st.components.v1.html` will be removed after 2026-06-01.
/Users/fernandozamora/Documents/Kennedy/kennedy_mira_analysis/app.py:1367: DeprecationWarning: 
folium_static is deprecated and will be removed in a future release, or
simply replaced with with st_folium which always passes
returned_objects=[] to the component.
Please try using st_folium instead, and
post an issue at https://github.com/randyzwitch/streamlit-folium/issues
if you experience issues with st_folium.

  folium_static(mapa, width=1600, height=height)
2026-05-12 21:07:45.933 Please replace `st.components.v1.html` with `st.iframe`.

`st.components.v1.html` will be removed after 2026-06-01.
2026-05-12 21:07:47.432 Serialization of dataframe to Arrow table was unsuccessful. Applying automatic fixes for column types to make the dataframe Arrow-compatible.
Traceback (most recent call last):
  File "/Users/fernandozamora/Documents/Kennedy/kennedy_mira_analysis/venv/lib/python3.14/site-packages/streamlit/dataframe_util.py", line 961, in convert_pandas_df_to_arrow_bytes
    table = pa.Table.from_pandas(df)
  File "pyarrow/table.pxi", line 4768, in pyarrow.lib.Table.from_pandas
  File "/Users/fernandozamora/Documents/Kennedy/kennedy_mira_analysis/venv/lib/python3.14/site-packages/pyarrow/pandas_compat.py", line 651, in dataframe_to_arrays
    arrays = [convert_column(c, f)
              ~~~~~~~~~~~~~~^^^^^^
  File "/Users/fernandozamora/Documents/Kennedy/kennedy_mira_analysis/venv/lib/python3.14/site-packages/pyarrow/pandas_compat.py", line 639, in convert_column
    raise e
  File "/Users/fernandozamora/Documents/Kennedy/kennedy_mira_analysis/venv/lib/python3.14/site-packages/pyarrow/pandas_compat.py", line 633, in convert_column
    result = pa.array(col, type=type_, from_pandas=True, safe=safe)
  File "pyarrow/array.pxi", line 390, in pyarrow.lib.array
    result = _ndarray_to_array(values, mask, type, c_from_pandas, safe,
  File "pyarrow/array.pxi", line 91, in pyarrow.lib._ndarray_to_array
    check_status(NdarrayToArrow(pool, values, mask, from_pandas,
  File "pyarrow/error.pxi", line 92, in pyarrow.lib.check_status
pyarrow.lib.ArrowInvalid: ("Could not convert 'MT - NUEVA MARSELLA TALA DE ARBOLES (8385)' with type str: tried to convert to int64", 'Conversion failed for column Valor with type object')
2026-05-12 21:07:47.570 Please replace `use_container_width` with `width`.

`use_container_width` will be removed after 2025-12-31.

For `use_container_width=True`, use `width='stretch'`. For `use_container_width=False`, use `width='content'`.
2026-05-12 21:07:47.676 Please replace `use_container_width` with `width`.

`use_container_width` will be removed after 2025-12-31.

For `use_container_width=True`, use `width='stretch'`. For `use_container_width=False`, use `width='content'`.
2026-05-12 21:07:47.810 Please replace `use_container_width` with `width`.

`use_container_width` will be removed after 2025-12-31.

For `use_container_width=True`, use `width='stretch'`. For `use_container_width=False`, use `width='content'`.
2026-05-12 21:07:47.928 Please replace `use_container_width` with `width`.

`use_container_width` will be removed after 2025-12-31.

For `use_container_width=True`, use `width='stretch'`. For `use_container_width=False`, use `width='content'`.
2026-05-12 21:07:48.045 Please replace `use_container_width` with `width`.

`use_container_width` will be removed after 2025-12-31.

For `use_container_width=True`, use `width='stretch'`. For `use_container_width=False`, use `width='content'`.
/Users/fernandozamora/Documents/Kennedy/kennedy_mira_analysis/app.py:1367: DeprecationWarning: 
folium_static is deprecated and will be removed in a future release, or
simply replaced with with st_folium which always passes
returned_objects=[] to the component.
Please try using st_folium instead, and
post an issue at https://github.com/randyzwitch/streamlit-folium/issues
if you experience issues with st_folium.

  folium_static(mapa, width=1600, height=height)
2026-05-12 21:29:33.718 Please replace `st.components.v1.html` with `st.iframe`.

`st.components.v1.html` will be removed after 2026-06-01.
/Users/fernandozamora/Documents/Kennedy/kennedy_mira_analysis/app.py:1367: DeprecationWarning: 
folium_static is deprecated and will be removed in a future release, or
simply replaced with with st_folium which always passes
returned_objects=[] to the component.
Please try using st_folium instead, and
post an issue at https://github.com/randyzwitch/streamlit-folium/issues
if you experience issues with st_folium.

  folium_static(mapa, width=1600, height=height)
2026-05-12 21:29:35.815 Please replace `st.components.v1.html` with `st.iframe`.

`st.components.v1.html` will be removed after 2026-06-01.
2026-05-12 21:29:37.674 Serialization of dataframe to Arrow table was unsuccessful. Applying automatic fixes for column types to make the dataframe Arrow-compatible.
Traceback (most recent call last):
  File "/Users/fernandozamora/Documents/Kennedy/kennedy_mira_analysis/venv/lib/python3.14/site-packages/streamlit/dataframe_util.py", line 961, in convert_pandas_df_to_arrow_bytes
    table = pa.Table.from_pandas(df)
  File "pyarrow/table.pxi", line 4768, in pyarrow.lib.Table.from_pandas
  File "/Users/fernandozamora/Documents/Kennedy/kennedy_mira_analysis/venv/lib/python3.14/site-packages/pyarrow/pandas_compat.py", line 651, in dataframe_to_arrays
    arrays = [convert_column(c, f)
              ~~~~~~~~~~~~~~^^^^^^
  File "/Users/fernandozamora/Documents/Kennedy/kennedy_mira_analysis/venv/lib/python3.14/site-packages/pyarrow/pandas_compat.py", line 639, in convert_column
    raise e
  File "/Users/fernandozamora/Documents/Kennedy/kennedy_mira_analysis/venv/lib/python3.14/site-packages/pyarrow/pandas_compat.py", line 633, in convert_column
    result = pa.array(col, type=type_, from_pandas=True, safe=safe)
  File "pyarrow/array.pxi", line 390, in pyarrow.lib.array
    result = _ndarray_to_array(values, mask, type, c_from_pandas, safe,
  File "pyarrow/array.pxi", line 91, in pyarrow.lib._ndarray_to_array
    check_status(NdarrayToArrow(pool, values, mask, from_pandas,
  File "pyarrow/error.pxi", line 92, in pyarrow.lib.check_status
pyarrow.lib.ArrowInvalid: ("Could not convert 'MT - NUEVA MARSELLA TALA DE ARBOLES (8385)' with type str: tried to convert to int64", 'Conversion failed for column Valor with type object')
2026-05-12 21:29:37.844 Please replace `use_container_width` with `width`.

`use_container_width` will be removed after 2025-12-31.

For `use_container_width=True`, use `width='stretch'`. For `use_container_width=False`, use `width='content'`.
2026-05-12 21:29:37.919 Please replace `use_container_width` with `width`.

`use_container_width` will be removed after 2025-12-31.

For `use_container_width=True`, use `width='stretch'`. For `use_container_width=False`, use `width='content'`.
2026-05-12 21:29:38.029 Please replace `use_container_width` with `width`.

`use_container_width` will be removed after 2025-12-31.

For `use_container_width=True`, use `width='stretch'`. For `use_container_width=False`, use `width='content'`.
2026-05-12 21:29:38.198 Please replace `use_container_width` with `width`.

`use_container_width` will be removed after 2025-12-31.

For `use_container_width=True`, use `width='stretch'`. For `use_container_width=False`, use `width='content'`.
2026-05-12 21:29:38.362 Please replace `use_container_width` with `width`.

`use_container_width` will be removed after 2025-12-31.

For `use_container_width=True`, use `width='stretch'`. For `use_container_width=False`, use `width='content'`.
/Users/fernandozamora/Documents/Kennedy/kennedy_mira_analysis/app.py:1367: DeprecationWarning: 
folium_static is deprecated and will be removed in a future release, or
simply replaced with with st_folium which always passes
returned_objects=[] to the component.
Please try using st_folium instead, and
post an issue at https://github.com/randyzwitch/streamlit-folium/issues
if you experience issues with st_folium.

  folium_static(mapa, width=1600, height=height)
2026-05-12 21:29:39.827 Please replace `st.components.v1.html` with `st.iframe`.

`st.components.v1.html` will be removed after 2026-06-01.
/Users/fernandozamora/Documents/Kennedy/kennedy_mira_analysis/app.py:1367: DeprecationWarning: 
folium_static is deprecated and will be removed in a future release, or
simply replaced with with st_folium which always passes
returned_objects=[] to the component.
Please try using st_folium instead, and
post an issue at https://github.com/randyzwitch/streamlit-folium/issues
if you experience issues with st_folium.

  folium_static(mapa, width=1600, height=height)
2026-05-12 21:29:41.684 Please replace `st.components.v1.html` with `st.iframe`.

`st.components.v1.html` will be removed after 2026-06-01.
2026-05-12 21:29:43.397 Serialization of dataframe to Arrow table was unsuccessful. Applying automatic fixes for column types to make the dataframe Arrow-compatible.
Traceback (most recent call last):
  File "/Users/fernandozamora/Documents/Kennedy/kennedy_mira_analysis/venv/lib/python3.14/site-packages/streamlit/dataframe_util.py", line 961, in convert_pandas_df_to_arrow_bytes
    table = pa.Table.from_pandas(df)
  File "pyarrow/table.pxi", line 4768, in pyarrow.lib.Table.from_pandas
  File "/Users/fernandozamora/Documents/Kennedy/kennedy_mira_analysis/venv/lib/python3.14/site-packages/pyarrow/pandas_compat.py", line 651, in dataframe_to_arrays
    arrays = [convert_column(c, f)
              ~~~~~~~~~~~~~~^^^^^^
  File "/Users/fernandozamora/Documents/Kennedy/kennedy_mira_analysis/venv/lib/python3.14/site-packages/pyarrow/pandas_compat.py", line 639, in convert_column
    raise e
  File "/Users/fernandozamora/Documents/Kennedy/kennedy_mira_analysis/venv/lib/python3.14/site-packages/pyarrow/pandas_compat.py", line 633, in convert_column
    result = pa.array(col, type=type_, from_pandas=True, safe=safe)
  File "pyarrow/array.pxi", line 390, in pyarrow.lib.array
    result = _ndarray_to_array(values, mask, type, c_from_pandas, safe,
  File "pyarrow/array.pxi", line 91, in pyarrow.lib._ndarray_to_array
    check_status(NdarrayToArrow(pool, values, mask, from_pandas,
  File "pyarrow/error.pxi", line 92, in pyarrow.lib.check_status
pyarrow.lib.ArrowInvalid: ("Could not convert 'MT - NUEVA MARSELLA TALA DE ARBOLES (8385)' with type str: tried to convert to int64", 'Conversion failed for column Valor with type object')
2026-05-12 21:29:43.547 Please replace `use_container_width` with `width`.

`use_container_width` will be removed after 2025-12-31.

For `use_container_width=True`, use `width='stretch'`. For `use_container_width=False`, use `width='content'`.
2026-05-12 21:29:43.614 Please replace `use_container_width` with `width`.

`use_container_width` will be removed after 2025-12-31.

For `use_container_width=True`, use `width='stretch'`. For `use_container_width=False`, use `width='content'`.
2026-05-12 21:29:43.748 Please replace `use_container_width` with `width`.

`use_container_width` will be removed after 2025-12-31.

For `use_container_width=True`, use `width='stretch'`. For `use_container_width=False`, use `width='content'`.
2026-05-12 21:29:43.869 Please replace `use_container_width` with `width`.

`use_container_width` will be removed after 2025-12-31.

For `use_container_width=True`, use `width='stretch'`. For `use_container_width=False`, use `width='content'`.
2026-05-12 21:29:43.989 Please replace `use_container_width` with `width`.

`use_container_width` will be removed after 2025-12-31.

For `use_container_width=True`, use `width='stretch'`. For `use_container_width=False`, use `width='content'`.
/Users/fernandozamora/Documents/Kennedy/kennedy_mira_analysis/app.py:1367: DeprecationWarning: 
folium_static is deprecated and will be removed in a future release, or
simply replaced with with st_folium which always passes
returned_objects=[] to the component.
Please try using st_folium instead, and
post an issue at https://github.com/randyzwitch/streamlit-folium/issues
if you experience issues with st_folium.

  folium_static(mapa, width=1600, height=height)
2026-05-12 21:29:44.944 Please replace `st.components.v1.html` with `st.iframe`.

`st.components.v1.html` will be removed after 2026-06-01.
/Users/fernandozamora/Documents/Kennedy/kennedy_mira_analysis/app.py:1367: DeprecationWarning: 
folium_static is deprecated and will be removed in a future release, or
simply replaced with with st_folium which always passes
returned_objects=[] to the component.
Please try using st_folium instead, and
post an issue at https://github.com/randyzwitch/streamlit-folium/issues
if you experience issues with st_folium.

  folium_static(mapa, width=1600, height=height)
2026-05-12 21:29:46.850 Please replace `st.components.v1.html` with `st.iframe`.

`st.components.v1.html` will be removed after 2026-06-01.
2026-05-12 21:29:48.379 Serialization of dataframe to Arrow table was unsuccessful. Applying automatic fixes for column types to make the dataframe Arrow-compatible.
Traceback (most recent call last):
  File "/Users/fernandozamora/Documents/Kennedy/kennedy_mira_analysis/venv/lib/python3.14/site-packages/streamlit/dataframe_util.py", line 961, in convert_pandas_df_to_arrow_bytes
    table = pa.Table.from_pandas(df)
  File "pyarrow/table.pxi", line 4768, in pyarrow.lib.Table.from_pandas
  File "/Users/fernandozamora/Documents/Kennedy/kennedy_mira_analysis/venv/lib/python3.14/site-packages/pyarrow/pandas_compat.py", line 651, in dataframe_to_arrays
    arrays = [convert_column(c, f)
              ~~~~~~~~~~~~~~^^^^^^
  File "/Users/fernandozamora/Documents/Kennedy/kennedy_mira_analysis/venv/lib/python3.14/site-packages/pyarrow/pandas_compat.py", line 639, in convert_column
    raise e
  File "/Users/fernandozamora/Documents/Kennedy/kennedy_mira_analysis/venv/lib/python3.14/site-packages/pyarrow/pandas_compat.py", line 633, in convert_column
    result = pa.array(col, type=type_, from_pandas=True, safe=safe)
  File "pyarrow/array.pxi", line 390, in pyarrow.lib.array
    result = _ndarray_to_array(values, mask, type, c_from_pandas, safe,
  File "pyarrow/array.pxi", line 91, in pyarrow.lib._ndarray_to_array
    check_status(NdarrayToArrow(pool, values, mask, from_pandas,
  File "pyarrow/error.pxi", line 92, in pyarrow.lib.check_status
pyarrow.lib.ArrowInvalid: ("Could not convert 'MT - NUEVA MARSELLA TALA DE ARBOLES (8385)' with type str: tried to convert to int64", 'Conversion failed for column Valor with type object')
2026-05-12 21:29:48.520 Please replace `use_container_width` with `width`.

`use_container_width` will be removed after 2025-12-31.

For `use_container_width=True`, use `width='stretch'`. For `use_container_width=False`, use `width='content'`.
2026-05-12 21:29:48.586 Please replace `use_container_width` with `width`.

`use_container_width` will be removed after 2025-12-31.

For `use_container_width=True`, use `width='stretch'`. For `use_container_width=False`, use `width='content'`.
2026-05-12 21:29:48.681 Please replace `use_container_width` with `width`.

`use_container_width` will be removed after 2025-12-31.

For `use_container_width=True`, use `width='stretch'`. For `use_container_width=False`, use `width='content'`.
2026-05-12 21:29:48.803 Please replace `use_container_width` with `width`.

`use_container_width` will be removed after 2025-12-31.

For `use_container_width=True`, use `width='stretch'`. For `use_container_width=False`, use `width='content'`.
2026-05-12 21:29:48.929 Please replace `use_container_width` with `width`.

`use_container_width` will be removed after 2025-12-31.

For `use_container_width=True`, use `width='stretch'`. For `use_container_width=False`, use `width='content'`.
/Users/fernandozamora/Documents/Kennedy/kennedy_mira_analysis/app.py:1367: DeprecationWarning: 
folium_static is deprecated and will be removed in a future release, or
simply replaced with with st_folium which always passes
returned_objects=[] to the component.
Please try using st_folium instead, and
post an issue at https://github.com/randyzwitch/streamlit-folium/issues
if you experience issues with st_folium.

  folium_static(mapa, width=1600, height=height)
2026-05-12 21:30:05.023 Please replace `st.components.v1.html` with `st.iframe`.

`st.components.v1.html` will be removed after 2026-06-01.
/Users/fernandozamora/Documents/Kennedy/kennedy_mira_analysis/app.py:1367: DeprecationWarning: 
folium_static is deprecated and will be removed in a future release, or
simply replaced with with st_folium which always passes
returned_objects=[] to the component.
Please try using st_folium instead, and
post an issue at https://github.com/randyzwitch/streamlit-folium/issues
if you experience issues with st_folium.

  folium_static(mapa, width=1600, height=height)
2026-05-12 21:30:06.833 Please replace `st.components.v1.html` with `st.iframe`.

`st.components.v1.html` will be removed after 2026-06-01.
2026-05-12 21:30:08.350 Serialization of dataframe to Arrow table was unsuccessful. Applying automatic fixes for column types to make the dataframe Arrow-compatible.
Traceback (most recent call last):
  File "/Users/fernandozamora/Documents/Kennedy/kennedy_mira_analysis/venv/lib/python3.14/site-packages/streamlit/dataframe_util.py", line 961, in convert_pandas_df_to_arrow_bytes
    table = pa.Table.from_pandas(df)
  File "pyarrow/table.pxi", line 4768, in pyarrow.lib.Table.from_pandas
  File "/Users/fernandozamora/Documents/Kennedy/kennedy_mira_analysis/venv/lib/python3.14/site-packages/pyarrow/pandas_compat.py", line 651, in dataframe_to_arrays
    arrays = [convert_column(c, f)
              ~~~~~~~~~~~~~~^^^^^^
  File "/Users/fernandozamora/Documents/Kennedy/kennedy_mira_analysis/venv/lib/python3.14/site-packages/pyarrow/pandas_compat.py", line 639, in convert_column
    raise e
  File "/Users/fernandozamora/Documents/Kennedy/kennedy_mira_analysis/venv/lib/python3.14/site-packages/pyarrow/pandas_compat.py", line 633, in convert_column
    result = pa.array(col, type=type_, from_pandas=True, safe=safe)
  File "pyarrow/array.pxi", line 390, in pyarrow.lib.array
    result = _ndarray_to_array(values, mask, type, c_from_pandas, safe,
  File "pyarrow/array.pxi", line 91, in pyarrow.lib._ndarray_to_array
    check_status(NdarrayToArrow(pool, values, mask, from_pandas,
  File "pyarrow/error.pxi", line 92, in pyarrow.lib.check_status
pyarrow.lib.ArrowInvalid: ("Could not convert 'MT - NUEVA MARSELLA TALA DE ARBOLES (8385)' with type str: tried to convert to int64", 'Conversion failed for column Valor with type object')
2026-05-12 21:30:08.497 Please replace `use_container_width` with `width`.

`use_container_width` will be removed after 2025-12-31.

For `use_container_width=True`, use `width='stretch'`. For `use_container_width=False`, use `width='content'`.
2026-05-12 21:30:08.563 Please replace `use_container_width` with `width`.

`use_container_width` will be removed after 2025-12-31.

For `use_container_width=True`, use `width='stretch'`. For `use_container_width=False`, use `width='content'`.
2026-05-12 21:30:08.657 Please replace `use_container_width` with `width`.

`use_container_width` will be removed after 2025-12-31.

For `use_container_width=True`, use `width='stretch'`. For `use_container_width=False`, use `width='content'`.
2026-05-12 21:30:08.773 Please replace `use_container_width` with `width`.

`use_container_width` will be removed after 2025-12-31.

For `use_container_width=True`, use `width='stretch'`. For `use_container_width=False`, use `width='content'`.
/Users/fernandozamora/Documents/Kennedy/kennedy_mira_analysis/app.py:1367: DeprecationWarning: 
folium_static is deprecated and will be removed in a future release, or
simply replaced with with st_folium which always passes
returned_objects=[] to the component.
Please try using st_folium instead, and
post an issue at https://github.com/randyzwitch/streamlit-folium/issues
if you experience issues with st_folium.

  folium_static(mapa, width=1600, height=height)
2026-05-12 21:30:09.549 Please replace `st.components.v1.html` with `st.iframe`.

`st.components.v1.html` will be removed after 2026-06-01.
/Users/fernandozamora/Documents/Kennedy/kennedy_mira_analysis/app.py:1367: DeprecationWarning: 
folium_static is deprecated and will be removed in a future release, or
simply replaced with with st_folium which always passes
returned_objects=[] to the component.
Please try using st_folium instead, and
post an issue at https://github.com/randyzwitch/streamlit-folium/issues
if you experience issues with st_folium.

  folium_static(mapa, width=1600, height=height)
2026-05-12 21:30:10.801 Please replace `st.components.v1.html` with `st.iframe`.

`st.components.v1.html` will be removed after 2026-06-01.
/Users/fernandozamora/Documents/Kennedy/kennedy_mira_analysis/app.py:1367: DeprecationWarning: 
folium_static is deprecated and will be removed in a future release, or
simply replaced with with st_folium which always passes
returned_objects=[] to the component.
Please try using st_folium instead, and
post an issue at https://github.com/randyzwitch/streamlit-folium/issues
if you experience issues with st_folium.

  folium_static(mapa, width=1600, height=height)
2026-05-12 21:30:13.185 Please replace `st.components.v1.html` with `st.iframe`.

`st.components.v1.html` will be removed after 2026-06-01.
/Users/fernandozamora/Documents/Kennedy/kennedy_mira_analysis/app.py:1367: DeprecationWarning: 
folium_static is deprecated and will be removed in a future release, or
simply replaced with with st_folium which always passes
returned_objects=[] to the component.
Please try using st_folium instead, and
post an issue at https://github.com/randyzwitch/streamlit-folium/issues
if you experience issues with st_folium.

  folium_static(mapa, width=1600, height=height)
2026-05-12 21:30:18.593 Please replace `st.components.v1.html` with `st.iframe`.

`st.components.v1.html` will be removed after 2026-06-01.
/Users/fernandozamora/Documents/Kennedy/kennedy_mira_analysis/app.py:1367: DeprecationWarning: 
folium_static is deprecated and will be removed in a future release, or
simply replaced with with st_folium which always passes
returned_objects=[] to the component.
Please try using st_folium instead, and
post an issue at https://github.com/randyzwitch/streamlit-folium/issues
if you experience issues with st_folium.

  folium_static(mapa, width=1600, height=height)
2026-05-12 21:30:20.121 Please replace `st.components.v1.html` with `st.iframe`.

`st.components.v1.html` will be removed after 2026-06-01.
2026-05-12 21:30:21.246 Serialization of dataframe to Arrow table was unsuccessful. Applying automatic fixes for column types to make the dataframe Arrow-compatible.
Traceback (most recent call last):
  File "/Users/fernandozamora/Documents/Kennedy/kennedy_mira_analysis/venv/lib/python3.14/site-packages/streamlit/dataframe_util.py", line 961, in convert_pandas_df_to_arrow_bytes
    table = pa.Table.from_pandas(df)
  File "pyarrow/table.pxi", line 4768, in pyarrow.lib.Table.from_pandas
  File "/Users/fernandozamora/Documents/Kennedy/kennedy_mira_analysis/venv/lib/python3.14/site-packages/pyarrow/pandas_compat.py", line 651, in dataframe_to_arrays
    arrays = [convert_column(c, f)
              ~~~~~~~~~~~~~~^^^^^^
  File "/Users/fernandozamora/Documents/Kennedy/kennedy_mira_analysis/venv/lib/python3.14/site-packages/pyarrow/pandas_compat.py", line 639, in convert_column
    raise e
  File "/Users/fernandozamora/Documents/Kennedy/kennedy_mira_analysis/venv/lib/python3.14/site-packages/pyarrow/pandas_compat.py", line 633, in convert_column
    result = pa.array(col, type=type_, from_pandas=True, safe=safe)
  File "pyarrow/array.pxi", line 390, in pyarrow.lib.array
    result = _ndarray_to_array(values, mask, type, c_from_pandas, safe,
  File "pyarrow/array.pxi", line 91, in pyarrow.lib._ndarray_to_array
    check_status(NdarrayToArrow(pool, values, mask, from_pandas,
  File "pyarrow/error.pxi", line 92, in pyarrow.lib.check_status
pyarrow.lib.ArrowInvalid: ("Could not convert 'MT - NUEVA MARSELLA TALA DE ARBOLES (8385)' with type str: tried to convert to int64", 'Conversion failed for column Valor with type object')
2026-05-12 21:30:21.617 Please replace `use_container_width` with `width`.

`use_container_width` will be removed after 2025-12-31.

For `use_container_width=True`, use `width='stretch'`. For `use_container_width=False`, use `width='content'`.
2026-05-12 21:30:21.680 Please replace `use_container_width` with `width`.

`use_container_width` will be removed after 2025-12-31.

For `use_container_width=True`, use `width='stretch'`. For `use_container_width=False`, use `width='content'`.
2026-05-12 21:30:21.770 Please replace `use_container_width` with `width`.

`use_container_width` will be removed after 2025-12-31.

For `use_container_width=True`, use `width='stretch'`. For `use_container_width=False`, use `width='content'`.
2026-05-12 21:30:21.885 Please replace `use_container_width` with `width`.

`use_container_width` will be removed after 2025-12-31.

For `use_container_width=True`, use `width='stretch'`. For `use_container_width=False`, use `width='content'`.
2026-05-12 21:30:22.032 Please replace `use_container_width` with `width`.

`use_container_width` will be removed after 2025-12-31.

For `use_container_width=True`, use `width='stretch'`. For `use_container_width=False`, use `width='content'`.
/Users/fernandozamora/Documents/Kennedy/kennedy_mira_analysis/app.py:1367: DeprecationWarning: 
folium_static is deprecated and will be removed in a future release, or
simply replaced with with st_folium which always passes
returned_objects=[] to the component.
Please try using st_folium instead, and
post an issue at https://github.com/randyzwitch/streamlit-folium/issues
if you experience issues with st_folium.

  folium_static(mapa, width=1600, height=height)
2026-05-12 21:30:23.160 Please replace `st.components.v1.html` with `st.iframe`.

`st.components.v1.html` will be removed after 2026-06-01.
/Users/fernandozamora/Documents/Kennedy/kennedy_mira_analysis/app.py:1367: DeprecationWarning: 
folium_static is deprecated and will be removed in a future release, or
simply replaced with with st_folium which always passes
returned_objects=[] to the component.
Please try using st_folium instead, and
post an issue at https://github.com/randyzwitch/streamlit-folium/issues
if you experience issues with st_folium.

  folium_static(mapa, width=1600, height=height)
2026-05-12 21:30:24.312 Please replace `st.components.v1.html` with `st.iframe`.

`st.components.v1.html` will be removed after 2026-06-01.
2026-05-12 21:30:25.435 Serialization of dataframe to Arrow table was unsuccessful. Applying automatic fixes for column types to make the dataframe Arrow-compatible.
Traceback (most recent call last):
  File "/Users/fernandozamora/Documents/Kennedy/kennedy_mira_analysis/venv/lib/python3.14/site-packages/streamlit/dataframe_util.py", line 961, in convert_pandas_df_to_arrow_bytes
    table = pa.Table.from_pandas(df)
  File "pyarrow/table.pxi", line 4768, in pyarrow.lib.Table.from_pandas
  File "/Users/fernandozamora/Documents/Kennedy/kennedy_mira_analysis/venv/lib/python3.14/site-packages/pyarrow/pandas_compat.py", line 651, in dataframe_to_arrays
    arrays = [convert_column(c, f)
              ~~~~~~~~~~~~~~^^^^^^
  File "/Users/fernandozamora/Documents/Kennedy/kennedy_mira_analysis/venv/lib/python3.14/site-packages/pyarrow/pandas_compat.py", line 639, in convert_column
    raise e
  File "/Users/fernandozamora/Documents/Kennedy/kennedy_mira_analysis/venv/lib/python3.14/site-packages/pyarrow/pandas_compat.py", line 633, in convert_column
    result = pa.array(col, type=type_, from_pandas=True, safe=safe)
  File "pyarrow/array.pxi", line 390, in pyarrow.lib.array
    result = _ndarray_to_array(values, mask, type, c_from_pandas, safe,
  File "pyarrow/array.pxi", line 91, in pyarrow.lib._ndarray_to_array
    check_status(NdarrayToArrow(pool, values, mask, from_pandas,
  File "pyarrow/error.pxi", line 92, in pyarrow.lib.check_status
pyarrow.lib.ArrowInvalid: ("Could not convert 'MT - NUEVA MARSELLA TALA DE ARBOLES (8385)' with type str: tried to convert to int64", 'Conversion failed for column Valor with type object')
2026-05-12 21:30:25.643 Please replace `use_container_width` with `width`.

`use_container_width` will be removed after 2025-12-31.

For `use_container_width=True`, use `width='stretch'`. For `use_container_width=False`, use `width='content'`.
2026-05-12 21:30:25.720 Please replace `use_container_width` with `width`.

`use_container_width` will be removed after 2025-12-31.

For `use_container_width=True`, use `width='stretch'`. For `use_container_width=False`, use `width='content'`.
2026-05-12 21:30:25.812 Please replace `use_container_width` with `width`.

`use_container_width` will be removed after 2025-12-31.

For `use_container_width=True`, use `width='stretch'`. For `use_container_width=False`, use `width='content'`.
2026-05-12 21:30:26.232 Please replace `use_container_width` with `width`.

`use_container_width` will be removed after 2025-12-31.

For `use_container_width=True`, use `width='stretch'`. For `use_container_width=False`, use `width='content'`.
2026-05-12 21:30:26.360 Please replace `use_container_width` with `width`.

`use_container_width` will be removed after 2025-12-31.

For `use_container_width=True`, use `width='stretch'`. For `use_container_width=False`, use `width='content'`.
/Users/fernandozamora/Documents/Kennedy/kennedy_mira_analysis/app.py:1367: DeprecationWarning: 
folium_static is deprecated and will be removed in a future release, or
simply replaced with with st_folium which always passes
returned_objects=[] to the component.
Please try using st_folium instead, and
post an issue at https://github.com/randyzwitch/streamlit-folium/issues
if you experience issues with st_folium.

  folium_static(mapa, width=1600, height=height)
2026-05-12 21:52:11.726 Please replace `st.components.v1.html` with `st.iframe`.

`st.components.v1.html` will be removed after 2026-06-01.
/Users/fernandozamora/Documents/Kennedy/kennedy_mira_analysis/app.py:1367: DeprecationWarning: 
folium_static is deprecated and will be removed in a future release, or
simply replaced with with st_folium which always passes
returned_objects=[] to the component.
Please try using st_folium instead, and
post an issue at https://github.com/randyzwitch/streamlit-folium/issues
if you experience issues with st_folium.

  folium_static(mapa, width=1600, height=height)
2026-05-12 21:52:14.393 Please replace `st.components.v1.html` with `st.iframe`.

`st.components.v1.html` will be removed after 2026-06-01.
2026-05-12 21:52:16.345 Serialization of dataframe to Arrow table was unsuccessful. Applying automatic fixes for column types to make the dataframe Arrow-compatible.
Traceback (most recent call last):
  File "/Users/fernandozamora/Documents/Kennedy/kennedy_mira_analysis/venv/lib/python3.14/site-packages/streamlit/dataframe_util.py", line 961, in convert_pandas_df_to_arrow_bytes
    table = pa.Table.from_pandas(df)
  File "pyarrow/table.pxi", line 4768, in pyarrow.lib.Table.from_pandas
  File "/Users/fernandozamora/Documents/Kennedy/kennedy_mira_analysis/venv/lib/python3.14/site-packages/pyarrow/pandas_compat.py", line 651, in dataframe_to_arrays
    arrays = [convert_column(c, f)
              ~~~~~~~~~~~~~~^^^^^^
  File "/Users/fernandozamora/Documents/Kennedy/kennedy_mira_analysis/venv/lib/python3.14/site-packages/pyarrow/pandas_compat.py", line 639, in convert_column
    raise e
  File "/Users/fernandozamora/Documents/Kennedy/kennedy_mira_analysis/venv/lib/python3.14/site-packages/pyarrow/pandas_compat.py", line 633, in convert_column
    result = pa.array(col, type=type_, from_pandas=True, safe=safe)
  File "pyarrow/array.pxi", line 390, in pyarrow.lib.array
    result = _ndarray_to_array(values, mask, type, c_from_pandas, safe,
  File "pyarrow/array.pxi", line 91, in pyarrow.lib._ndarray_to_array
    check_status(NdarrayToArrow(pool, values, mask, from_pandas,
  File "pyarrow/error.pxi", line 92, in pyarrow.lib.check_status
pyarrow.lib.ArrowInvalid: ("Could not convert 'MT - NUEVA MARSELLA TALA DE ARBOLES (8385)' with type str: tried to convert to int64", 'Conversion failed for column Valor with type object')
2026-05-12 21:52:16.521 Please replace `use_container_width` with `width`.

`use_container_width` will be removed after 2025-12-31.

For `use_container_width=True`, use `width='stretch'`. For `use_container_width=False`, use `width='content'`.
2026-05-12 21:52:16.602 Please replace `use_container_width` with `width`.

`use_container_width` will be removed after 2025-12-31.

For `use_container_width=True`, use `width='stretch'`. For `use_container_width=False`, use `width='content'`.
2026-05-12 21:52:16.698 Please replace `use_container_width` with `width`.

`use_container_width` will be removed after 2025-12-31.

For `use_container_width=True`, use `width='stretch'`. For `use_container_width=False`, use `width='content'`.
2026-05-12 21:52:16.848 Please replace `use_container_width` with `width`.

`use_container_width` will be removed after 2025-12-31.

For `use_container_width=True`, use `width='stretch'`. For `use_container_width=False`, use `width='content'`.
2026-05-12 21:52:16.997 Please replace `use_container_width` with `width`.

`use_container_width` will be removed after 2025-12-31.

For `use_container_width=True`, use `width='stretch'`. For `use_container_width=False`, use `width='content'`.
/Users/fernandozamora/Documents/Kennedy/kennedy_mira_analysis/app.py:1367: DeprecationWarning: 
folium_static is deprecated and will be removed in a future release, or
simply replaced with with st_folium which always passes
returned_objects=[] to the component.
Please try using st_folium instead, and
post an issue at https://github.com/randyzwitch/streamlit-folium/issues
if you experience issues with st_folium.

  folium_static(mapa, width=1600, height=height)
2026-05-12 21:52:18.654 Please replace `st.components.v1.html` with `st.iframe`.

`st.components.v1.html` will be removed after 2026-06-01.
/Users/fernandozamora/Documents/Kennedy/kennedy_mira_analysis/app.py:1367: DeprecationWarning: 
folium_static is deprecated and will be removed in a future release, or
simply replaced with with st_folium which always passes
returned_objects=[] to the component.
Please try using st_folium instead, and
post an issue at https://github.com/randyzwitch/streamlit-folium/issues
if you experience issues with st_folium.

  folium_static(mapa, width=1600, height=height)
2026-05-12 21:52:20.471 Please replace `st.components.v1.html` with `st.iframe`.

`st.components.v1.html` will be removed after 2026-06-01.
2026-05-12 21:52:22.292 Serialization of dataframe to Arrow table was unsuccessful. Applying automatic fixes for column types to make the dataframe Arrow-compatible.
Traceback (most recent call last):
  File "/Users/fernandozamora/Documents/Kennedy/kennedy_mira_analysis/venv/lib/python3.14/site-packages/streamlit/dataframe_util.py", line 961, in convert_pandas_df_to_arrow_bytes
    table = pa.Table.from_pandas(df)
  File "pyarrow/table.pxi", line 4768, in pyarrow.lib.Table.from_pandas
  File "/Users/fernandozamora/Documents/Kennedy/kennedy_mira_analysis/venv/lib/python3.14/site-packages/pyarrow/pandas_compat.py", line 651, in dataframe_to_arrays
    arrays = [convert_column(c, f)
              ~~~~~~~~~~~~~~^^^^^^
  File "/Users/fernandozamora/Documents/Kennedy/kennedy_mira_analysis/venv/lib/python3.14/site-packages/pyarrow/pandas_compat.py", line 639, in convert_column
    raise e
  File "/Users/fernandozamora/Documents/Kennedy/kennedy_mira_analysis/venv/lib/python3.14/site-packages/pyarrow/pandas_compat.py", line 633, in convert_column
    result = pa.array(col, type=type_, from_pandas=True, safe=safe)
  File "pyarrow/array.pxi", line 390, in pyarrow.lib.array
    result = _ndarray_to_array(values, mask, type, c_from_pandas, safe,
  File "pyarrow/array.pxi", line 91, in pyarrow.lib._ndarray_to_array
    check_status(NdarrayToArrow(pool, values, mask, from_pandas,
  File "pyarrow/error.pxi", line 92, in pyarrow.lib.check_status
pyarrow.lib.ArrowInvalid: ("Could not convert 'MT - NUEVA MARSELLA TALA DE ARBOLES (8385)' with type str: tried to convert to int64", 'Conversion failed for column Valor with type object')
2026-05-12 21:52:22.442 Please replace `use_container_width` with `width`.

`use_container_width` will be removed after 2025-12-31.

For `use_container_width=True`, use `width='stretch'`. For `use_container_width=False`, use `width='content'`.
2026-05-12 21:52:22.527 Please replace `use_container_width` with `width`.

`use_container_width` will be removed after 2025-12-31.

For `use_container_width=True`, use `width='stretch'`. For `use_container_width=False`, use `width='content'`.
2026-05-12 21:52:22.690 Please replace `use_container_width` with `width`.

`use_container_width` will be removed after 2025-12-31.

For `use_container_width=True`, use `width='stretch'`. For `use_container_width=False`, use `width='content'`.
2026-05-12 21:52:22.823 Please replace `use_container_width` with `width`.

`use_container_width` will be removed after 2025-12-31.

For `use_container_width=True`, use `width='stretch'`. For `use_container_width=False`, use `width='content'`.
2026-05-12 21:52:22.979 Please replace `use_container_width` with `width`.

`use_container_width` will be removed after 2025-12-31.

For `use_container_width=True`, use `width='stretch'`. For `use_container_width=False`, use `width='content'`.
/Users/fernandozamora/Documents/Kennedy/kennedy_mira_analysis/app.py:1367: DeprecationWarning: 
folium_static is deprecated and will be removed in a future release, or
simply replaced with with st_folium which always passes
returned_objects=[] to the component.
Please try using st_folium instead, and
post an issue at https://github.com/randyzwitch/streamlit-folium/issues
if you experience issues with st_folium.

  folium_static(mapa, width=1600, height=height)
2026-05-12 21:52:45.669 Please replace `st.components.v1.html` with `st.iframe`.

`st.components.v1.html` will be removed after 2026-06-01.
/Users/fernandozamora/Documents/Kennedy/kennedy_mira_analysis/app.py:1367: DeprecationWarning: 
folium_static is deprecated and will be removed in a future release, or
simply replaced with with st_folium which always passes
returned_objects=[] to the component.
Please try using st_folium instead, and
post an issue at https://github.com/randyzwitch/streamlit-folium/issues
if you experience issues with st_folium.

  folium_static(mapa, width=1600, height=height)
2026-05-12 21:52:46.886 Please replace `st.components.v1.html` with `st.iframe`.

`st.components.v1.html` will be removed after 2026-06-01.
2026-05-12 21:52:47.986 Serialization of dataframe to Arrow table was unsuccessful. Applying automatic fixes for column types to make the dataframe Arrow-compatible.
Traceback (most recent call last):
  File "/Users/fernandozamora/Documents/Kennedy/kennedy_mira_analysis/venv/lib/python3.14/site-packages/streamlit/dataframe_util.py", line 961, in convert_pandas_df_to_arrow_bytes
    table = pa.Table.from_pandas(df)
  File "pyarrow/table.pxi", line 4768, in pyarrow.lib.Table.from_pandas
  File "/Users/fernandozamora/Documents/Kennedy/kennedy_mira_analysis/venv/lib/python3.14/site-packages/pyarrow/pandas_compat.py", line 651, in dataframe_to_arrays
    arrays = [convert_column(c, f)
              ~~~~~~~~~~~~~~^^^^^^
  File "/Users/fernandozamora/Documents/Kennedy/kennedy_mira_analysis/venv/lib/python3.14/site-packages/pyarrow/pandas_compat.py", line 639, in convert_column
    raise e
  File "/Users/fernandozamora/Documents/Kennedy/kennedy_mira_analysis/venv/lib/python3.14/site-packages/pyarrow/pandas_compat.py", line 633, in convert_column
    result = pa.array(col, type=type_, from_pandas=True, safe=safe)
  File "pyarrow/array.pxi", line 390, in pyarrow.lib.array
    result = _ndarray_to_array(values, mask, type, c_from_pandas, safe,
  File "pyarrow/array.pxi", line 91, in pyarrow.lib._ndarray_to_array
    check_status(NdarrayToArrow(pool, values, mask, from_pandas,
  File "pyarrow/error.pxi", line 92, in pyarrow.lib.check_status
pyarrow.lib.ArrowInvalid: ("Could not convert 'MT - NUEVA MARSELLA TALA DE ARBOLES (8385)' with type str: tried to convert to int64", 'Conversion failed for column Valor with type object')
2026-05-12 21:52:48.137 Please replace `use_container_width` with `width`.

`use_container_width` will be removed after 2025-12-31.

For `use_container_width=True`, use `width='stretch'`. For `use_container_width=False`, use `width='content'`.
2026-05-12 21:52:48.203 Please replace `use_container_width` with `width`.

`use_container_width` will be removed after 2025-12-31.

For `use_container_width=True`, use `width='stretch'`. For `use_container_width=False`, use `width='content'`.
2026-05-12 21:52:48.295 Please replace `use_container_width` with `width`.

`use_container_width` will be removed after 2025-12-31.

For `use_container_width=True`, use `width='stretch'`. For `use_container_width=False`, use `width='content'`.
2026-05-12 21:52:48.414 Please replace `use_container_width` with `width`.

`use_container_width` will be removed after 2025-12-31.

For `use_container_width=True`, use `width='stretch'`. For `use_container_width=False`, use `width='content'`.
2026-05-12 21:52:48.527 Please replace `use_container_width` with `width`.

`use_container_width` will be removed after 2025-12-31.

For `use_container_width=True`, use `width='stretch'`. For `use_container_width=False`, use `width='content'`.
/Users/fernandozamora/Documents/Kennedy/kennedy_mira_analysis/app.py:1367: DeprecationWarning: 
folium_static is deprecated and will be removed in a future release, or
simply replaced with with st_folium which always passes
returned_objects=[] to the component.
Please try using st_folium instead, and
post an issue at https://github.com/randyzwitch/streamlit-folium/issues
if you experience issues with st_folium.

  folium_static(mapa, width=1600, height=height)
2026-05-12 21:52:57.771 Please replace `st.components.v1.html` with `st.iframe`.

`st.components.v1.html` will be removed after 2026-06-01.
/Users/fernandozamora/Documents/Kennedy/kennedy_mira_analysis/app.py:1367: DeprecationWarning: 
folium_static is deprecated and will be removed in a future release, or
simply replaced with with st_folium which always passes
returned_objects=[] to the component.
Please try using st_folium instead, and
post an issue at https://github.com/randyzwitch/streamlit-folium/issues
if you experience issues with st_folium.

  folium_static(mapa, width=1600, height=height)
2026-05-12 21:52:58.942 Please replace `st.components.v1.html` with `st.iframe`.

`st.components.v1.html` will be removed after 2026-06-01.
2026-05-12 21:53:00.100 Serialization of dataframe to Arrow table was unsuccessful. Applying automatic fixes for column types to make the dataframe Arrow-compatible.
Traceback (most recent call last):
  File "/Users/fernandozamora/Documents/Kennedy/kennedy_mira_analysis/venv/lib/python3.14/site-packages/streamlit/dataframe_util.py", line 961, in convert_pandas_df_to_arrow_bytes
    table = pa.Table.from_pandas(df)
  File "pyarrow/table.pxi", line 4768, in pyarrow.lib.Table.from_pandas
  File "/Users/fernandozamora/Documents/Kennedy/kennedy_mira_analysis/venv/lib/python3.14/site-packages/pyarrow/pandas_compat.py", line 651, in dataframe_to_arrays
    arrays = [convert_column(c, f)
              ~~~~~~~~~~~~~~^^^^^^
  File "/Users/fernandozamora/Documents/Kennedy/kennedy_mira_analysis/venv/lib/python3.14/site-packages/pyarrow/pandas_compat.py", line 639, in convert_column
    raise e
  File "/Users/fernandozamora/Documents/Kennedy/kennedy_mira_analysis/venv/lib/python3.14/site-packages/pyarrow/pandas_compat.py", line 633, in convert_column
    result = pa.array(col, type=type_, from_pandas=True, safe=safe)
  File "pyarrow/array.pxi", line 390, in pyarrow.lib.array
    result = _ndarray_to_array(values, mask, type, c_from_pandas, safe,
  File "pyarrow/array.pxi", line 91, in pyarrow.lib._ndarray_to_array
    check_status(NdarrayToArrow(pool, values, mask, from_pandas,
  File "pyarrow/error.pxi", line 92, in pyarrow.lib.check_status
pyarrow.lib.ArrowInvalid: ("Could not convert 'MT - NUEVA MARSELLA TALA DE ARBOLES (8385)' with type str: tried to convert to int64", 'Conversion failed for column Valor with type object')
2026-05-12 21:53:00.241 Please replace `use_container_width` with `width`.

`use_container_width` will be removed after 2025-12-31.

For `use_container_width=True`, use `width='stretch'`. For `use_container_width=False`, use `width='content'`.
2026-05-12 21:53:00.311 Please replace `use_container_width` with `width`.

`use_container_width` will be removed after 2025-12-31.

For `use_container_width=True`, use `width='stretch'`. For `use_container_width=False`, use `width='content'`.
2026-05-12 21:53:00.407 Please replace `use_container_width` with `width`.

`use_container_width` will be removed after 2025-12-31.

For `use_container_width=True`, use `width='stretch'`. For `use_container_width=False`, use `width='content'`.
2026-05-12 21:53:00.529 Please replace `use_container_width` with `width`.

`use_container_width` will be removed after 2025-12-31.

For `use_container_width=True`, use `width='stretch'`. For `use_container_width=False`, use `width='content'`.
2026-05-12 21:53:00.651 Please replace `use_container_width` with `width`.

`use_container_width` will be removed after 2025-12-31.

For `use_container_width=True`, use `width='stretch'`. For `use_container_width=False`, use `width='content'`.
/Users/fernandozamora/Documents/Kennedy/kennedy_mira_analysis/app.py:1367: DeprecationWarning: 
folium_static is deprecated and will be removed in a future release, or
simply replaced with with st_folium which always passes
returned_objects=[] to the component.
Please try using st_folium instead, and
post an issue at https://github.com/randyzwitch/streamlit-folium/issues
if you experience issues with st_folium.

  folium_static(mapa, width=1600, height=height)
2026-05-12 21:53:01.445 Please replace `st.components.v1.html` with `st.iframe`.

`st.components.v1.html` will be removed after 2026-06-01.
/Users/fernandozamora/Documents/Kennedy/kennedy_mira_analysis/app.py:1367: DeprecationWarning: 
folium_static is deprecated and will be removed in a future release, or
simply replaced with with st_folium which always passes
returned_objects=[] to the component.
Please try using st_folium instead, and
post an issue at https://github.com/randyzwitch/streamlit-folium/issues
if you experience issues with st_folium.

  folium_static(mapa, width=1600, height=height)
2026-05-12 21:53:02.548 Please replace `st.components.v1.html` with `st.iframe`.

`st.components.v1.html` will be removed after 2026-06-01.
/Users/fernandozamora/Documents/Kennedy/kennedy_mira_analysis/app.py:1367: DeprecationWarning: 
folium_static is deprecated and will be removed in a future release, or
simply replaced with with st_folium which always passes
returned_objects=[] to the component.
Please try using st_folium instead, and
post an issue at https://github.com/randyzwitch/streamlit-folium/issues
if you experience issues with st_folium.

  folium_static(mapa, width=1600, height=height)
2026-05-12 21:53:03.784 Please replace `st.components.v1.html` with `st.iframe`.

`st.components.v1.html` will be removed after 2026-06-01.
/Users/fernandozamora/Documents/Kennedy/kennedy_mira_analysis/app.py:1367: DeprecationWarning: 
folium_static is deprecated and will be removed in a future release, or
simply replaced with with st_folium which always passes
returned_objects=[] to the component.
Please try using st_folium instead, and
post an issue at https://github.com/randyzwitch/streamlit-folium/issues
if you experience issues with st_folium.

  folium_static(mapa, width=1600, height=height)
2026-05-12 21:53:04.747 Please replace `st.components.v1.html` with `st.iframe`.

`st.components.v1.html` will be removed after 2026-06-01.
/Users/fernandozamora/Documents/Kennedy/kennedy_mira_analysis/app.py:1367: DeprecationWarning: 
folium_static is deprecated and will be removed in a future release, or
simply replaced with with st_folium which always passes
returned_objects=[] to the component.
Please try using st_folium instead, and
post an issue at https://github.com/randyzwitch/streamlit-folium/issues
if you experience issues with st_folium.

  folium_static(mapa, width=1600, height=height)
2026-05-12 21:53:06.020 Please replace `st.components.v1.html` with `st.iframe`.

`st.components.v1.html` will be removed after 2026-06-01.
2026-05-12 21:53:07.049 Serialization of dataframe to Arrow table was unsuccessful. Applying automatic fixes for column types to make the dataframe Arrow-compatible.
Traceback (most recent call last):
  File "/Users/fernandozamora/Documents/Kennedy/kennedy_mira_analysis/venv/lib/python3.14/site-packages/streamlit/dataframe_util.py", line 961, in convert_pandas_df_to_arrow_bytes
    table = pa.Table.from_pandas(df)
  File "pyarrow/table.pxi", line 4768, in pyarrow.lib.Table.from_pandas
  File "/Users/fernandozamora/Documents/Kennedy/kennedy_mira_analysis/venv/lib/python3.14/site-packages/pyarrow/pandas_compat.py", line 651, in dataframe_to_arrays
    arrays = [convert_column(c, f)
              ~~~~~~~~~~~~~~^^^^^^
  File "/Users/fernandozamora/Documents/Kennedy/kennedy_mira_analysis/venv/lib/python3.14/site-packages/pyarrow/pandas_compat.py", line 639, in convert_column
    raise e
  File "/Users/fernandozamora/Documents/Kennedy/kennedy_mira_analysis/venv/lib/python3.14/site-packages/pyarrow/pandas_compat.py", line 633, in convert_column
    result = pa.array(col, type=type_, from_pandas=True, safe=safe)
  File "pyarrow/array.pxi", line 390, in pyarrow.lib.array
    result = _ndarray_to_array(values, mask, type, c_from_pandas, safe,
  File "pyarrow/array.pxi", line 91, in pyarrow.lib._ndarray_to_array
    check_status(NdarrayToArrow(pool, values, mask, from_pandas,
  File "pyarrow/error.pxi", line 92, in pyarrow.lib.check_status
pyarrow.lib.ArrowInvalid: ("Could not convert 'MT - NUEVA MARSELLA TALA DE ARBOLES (8385)' with type str: tried to convert to int64", 'Conversion failed for column Valor with type object')
2026-05-12 21:53:07.233 Please replace `use_container_width` with `width`.

`use_container_width` will be removed after 2025-12-31.

For `use_container_width=True`, use `width='stretch'`. For `use_container_width=False`, use `width='content'`.
2026-05-12 21:53:07.299 Please replace `use_container_width` with `width`.

`use_container_width` will be removed after 2025-12-31.

For `use_container_width=True`, use `width='stretch'`. For `use_container_width=False`, use `width='content'`.
2026-05-12 21:53:07.393 Please replace `use_container_width` with `width`.

`use_container_width` will be removed after 2025-12-31.

For `use_container_width=True`, use `width='stretch'`. For `use_container_width=False`, use `width='content'`.
2026-05-12 21:53:07.510 Please replace `use_container_width` with `width`.

`use_container_width` will be removed after 2025-12-31.

For `use_container_width=True`, use `width='stretch'`. For `use_container_width=False`, use `width='content'`.
2026-05-12 21:53:07.640 Please replace `use_container_width` with `width`.

`use_container_width` will be removed after 2025-12-31.

For `use_container_width=True`, use `width='stretch'`. For `use_container_width=False`, use `width='content'`.
/Users/fernandozamora/Documents/Kennedy/kennedy_mira_analysis/app.py:1367: DeprecationWarning: 
folium_static is deprecated and will be removed in a future release, or
simply replaced with with st_folium which always passes
returned_objects=[] to the component.
Please try using st_folium instead, and
post an issue at https://github.com/randyzwitch/streamlit-folium/issues
if you experience issues with st_folium.

  folium_static(mapa, width=1600, height=height)
2026-05-12 21:53:08.719 Please replace `st.components.v1.html` with `st.iframe`.

`st.components.v1.html` will be removed after 2026-06-01.
/Users/fernandozamora/Documents/Kennedy/kennedy_mira_analysis/app.py:1367: DeprecationWarning: 
folium_static is deprecated and will be removed in a future release, or
simply replaced with with st_folium which always passes
returned_objects=[] to the component.
Please try using st_folium instead, and
post an issue at https://github.com/randyzwitch/streamlit-folium/issues
if you experience issues with st_folium.

  folium_static(mapa, width=1600, height=height)
2026-05-12 21:53:10.027 Please replace `st.components.v1.html` with `st.iframe`.

`st.components.v1.html` will be removed after 2026-06-01.
2026-05-12 21:53:11.631 Serialization of dataframe to Arrow table was unsuccessful. Applying automatic fixes for column types to make the dataframe Arrow-compatible.
Traceback (most recent call last):
  File "/Users/fernandozamora/Documents/Kennedy/kennedy_mira_analysis/venv/lib/python3.14/site-packages/streamlit/dataframe_util.py", line 961, in convert_pandas_df_to_arrow_bytes
    table = pa.Table.from_pandas(df)
  File "pyarrow/table.pxi", line 4768, in pyarrow.lib.Table.from_pandas
  File "/Users/fernandozamora/Documents/Kennedy/kennedy_mira_analysis/venv/lib/python3.14/site-packages/pyarrow/pandas_compat.py", line 651, in dataframe_to_arrays
    arrays = [convert_column(c, f)
              ~~~~~~~~~~~~~~^^^^^^
  File "/Users/fernandozamora/Documents/Kennedy/kennedy_mira_analysis/venv/lib/python3.14/site-packages/pyarrow/pandas_compat.py", line 639, in convert_column
    raise e
  File "/Users/fernandozamora/Documents/Kennedy/kennedy_mira_analysis/venv/lib/python3.14/site-packages/pyarrow/pandas_compat.py", line 633, in convert_column
    result = pa.array(col, type=type_, from_pandas=True, safe=safe)
  File "pyarrow/array.pxi", line 390, in pyarrow.lib.array
    result = _ndarray_to_array(values, mask, type, c_from_pandas, safe,
  File "pyarrow/array.pxi", line 91, in pyarrow.lib._ndarray_to_array
    check_status(NdarrayToArrow(pool, values, mask, from_pandas,
  File "pyarrow/error.pxi", line 92, in pyarrow.lib.check_status
pyarrow.lib.ArrowInvalid: ("Could not convert 'MT - NUEVA MARSELLA TALA DE ARBOLES (8385)' with type str: tried to convert to int64", 'Conversion failed for column Valor with type object')
2026-05-12 21:53:11.764 Please replace `use_container_width` with `width`.

`use_container_width` will be removed after 2025-12-31.

For `use_container_width=True`, use `width='stretch'`. For `use_container_width=False`, use `width='content'`.
2026-05-12 21:53:11.832 Please replace `use_container_width` with `width`.

`use_container_width` will be removed after 2025-12-31.

For `use_container_width=True`, use `width='stretch'`. For `use_container_width=False`, use `width='content'`.
2026-05-12 21:53:11.922 Please replace `use_container_width` with `width`.

`use_container_width` will be removed after 2025-12-31.

For `use_container_width=True`, use `width='stretch'`. For `use_container_width=False`, use `width='content'`.
2026-05-12 21:53:12.038 Please replace `use_container_width` with `width`.

`use_container_width` will be removed after 2025-12-31.

For `use_container_width=True`, use `width='stretch'`. For `use_container_width=False`, use `width='content'`.
2026-05-12 21:53:12.272 Please replace `use_container_width` with `width`.

`use_container_width` will be removed after 2025-12-31.

For `use_container_width=True`, use `width='stretch'`. For `use_container_width=False`, use `width='content'`.
/Users/fernandozamora/Documents/Kennedy/kennedy_mira_analysis/app.py:1367: DeprecationWarning: 
folium_static is deprecated and will be removed in a future release, or
simply replaced with with st_folium which always passes
returned_objects=[] to the component.
Please try using st_folium instead, and
post an issue at https://github.com/randyzwitch/streamlit-folium/issues
if you experience issues with st_folium.

  folium_static(mapa, width=1600, height=height)
2026-05-12 21:53:14.214 Please replace `st.components.v1.html` with `st.iframe`.

`st.components.v1.html` will be removed after 2026-06-01.
/Users/fernandozamora/Documents/Kennedy/kennedy_mira_analysis/app.py:1367: DeprecationWarning: 
folium_static is deprecated and will be removed in a future release, or
simply replaced with with st_folium which always passes
returned_objects=[] to the component.
Please try using st_folium instead, and
post an issue at https://github.com/randyzwitch/streamlit-folium/issues
if you experience issues with st_folium.

  folium_static(mapa, width=1600, height=height)
2026-05-12 21:53:15.950 Please replace `st.components.v1.html` with `st.iframe`.

`st.components.v1.html` will be removed after 2026-06-01.
/Users/fernandozamora/Documents/Kennedy/kennedy_mira_analysis/app.py:1367: DeprecationWarning: 
folium_static is deprecated and will be removed in a future release, or
simply replaced with with st_folium which always passes
returned_objects=[] to the component.
Please try using st_folium instead, and
post an issue at https://github.com/randyzwitch/streamlit-folium/issues
if you experience issues with st_folium.

  folium_static(mapa, width=1600, height=height)
2026-05-12 21:53:16.925 Please replace `st.components.v1.html` with `st.iframe`.

`st.components.v1.html` will be removed after 2026-06-01.
/Users/fernandozamora/Documents/Kennedy/kennedy_mira_analysis/app.py:1367: DeprecationWarning: 
folium_static is deprecated and will be removed in a future release, or
simply replaced with with st_folium which always passes
returned_objects=[] to the component.
Please try using st_folium instead, and
post an issue at https://github.com/randyzwitch/streamlit-folium/issues
if you experience issues with st_folium.

  folium_static(mapa, width=1600, height=height)
2026-05-12 21:53:18.577 Please replace `st.components.v1.html` with `st.iframe`.

`st.components.v1.html` will be removed after 2026-06-01.
/Users/fernandozamora/Documents/Kennedy/kennedy_mira_analysis/app.py:1367: DeprecationWarning: 
folium_static is deprecated and will be removed in a future release, or
simply replaced with with st_folium which always passes
returned_objects=[] to the component.
Please try using st_folium instead, and
post an issue at https://github.com/randyzwitch/streamlit-folium/issues
if you experience issues with st_folium.

  folium_static(mapa, width=1600, height=height)
2026-05-12 21:53:19.747 Please replace `st.components.v1.html` with `st.iframe`.

`st.components.v1.html` will be removed after 2026-06-01.
/Users/fernandozamora/Documents/Kennedy/kennedy_mira_analysis/app.py:1367: DeprecationWarning: 
folium_static is deprecated and will be removed in a future release, or
simply replaced with with st_folium which always passes
returned_objects=[] to the component.
Please try using st_folium instead, and
post an issue at https://github.com/randyzwitch/streamlit-folium/issues
if you experience issues with st_folium.

  folium_static(mapa, width=1600, height=height)
2026-05-12 21:53:21.602 Please replace `st.components.v1.html` with `st.iframe`.

`st.components.v1.html` will be removed after 2026-06-01.
/Users/fernandozamora/Documents/Kennedy/kennedy_mira_analysis/app.py:1367: DeprecationWarning: 
folium_static is deprecated and will be removed in a future release, or
simply replaced with with st_folium which always passes
returned_objects=[] to the component.
Please try using st_folium instead, and
post an issue at https://github.com/randyzwitch/streamlit-folium/issues
if you experience issues with st_folium.

  folium_static(mapa, width=1600, height=height)
2026-05-12 21:53:25.718 Please replace `st.components.v1.html` with `st.iframe`.

`st.components.v1.html` will be removed after 2026-06-01.
/Users/fernandozamora/Documents/Kennedy/kennedy_mira_analysis/app.py:1367: DeprecationWarning: 
folium_static is deprecated and will be removed in a future release, or
simply replaced with with st_folium which always passes
returned_objects=[] to the component.
Please try using st_folium instead, and
post an issue at https://github.com/randyzwitch/streamlit-folium/issues
if you experience issues with st_folium.

  folium_static(mapa, width=1600, height=height)
2026-05-12 21:53:27.401 Please replace `st.components.v1.html` with `st.iframe`.

`st.components.v1.html` will be removed after 2026-06-01.
2026-05-12 21:53:28.994 Serialization of dataframe to Arrow table was unsuccessful. Applying automatic fixes for column types to make the dataframe Arrow-compatible.
Traceback (most recent call last):
  File "/Users/fernandozamora/Documents/Kennedy/kennedy_mira_analysis/venv/lib/python3.14/site-packages/streamlit/dataframe_util.py", line 961, in convert_pandas_df_to_arrow_bytes
    table = pa.Table.from_pandas(df)
  File "pyarrow/table.pxi", line 4768, in pyarrow.lib.Table.from_pandas
  File "/Users/fernandozamora/Documents/Kennedy/kennedy_mira_analysis/venv/lib/python3.14/site-packages/pyarrow/pandas_compat.py", line 651, in dataframe_to_arrays
    arrays = [convert_column(c, f)
              ~~~~~~~~~~~~~~^^^^^^
  File "/Users/fernandozamora/Documents/Kennedy/kennedy_mira_analysis/venv/lib/python3.14/site-packages/pyarrow/pandas_compat.py", line 639, in convert_column
    raise e
  File "/Users/fernandozamora/Documents/Kennedy/kennedy_mira_analysis/venv/lib/python3.14/site-packages/pyarrow/pandas_compat.py", line 633, in convert_column
    result = pa.array(col, type=type_, from_pandas=True, safe=safe)
  File "pyarrow/array.pxi", line 390, in pyarrow.lib.array
    result = _ndarray_to_array(values, mask, type, c_from_pandas, safe,
  File "pyarrow/array.pxi", line 91, in pyarrow.lib._ndarray_to_array
    check_status(NdarrayToArrow(pool, values, mask, from_pandas,
  File "pyarrow/error.pxi", line 92, in pyarrow.lib.check_status
pyarrow.lib.ArrowInvalid: ("Could not convert 'MT - NUEVA MARSELLA TALA DE ARBOLES (8385)' with type str: tried to convert to int64", 'Conversion failed for column Valor with type object')
2026-05-12 21:53:29.174 Please replace `use_container_width` with `width`.

`use_container_width` will be removed after 2025-12-31.

For `use_container_width=True`, use `width='stretch'`. For `use_container_width=False`, use `width='content'`.
2026-05-12 21:53:29.239 Please replace `use_container_width` with `width`.

`use_container_width` will be removed after 2025-12-31.

For `use_container_width=True`, use `width='stretch'`. For `use_container_width=False`, use `width='content'`.
2026-05-12 21:53:29.329 Please replace `use_container_width` with `width`.

`use_container_width` will be removed after 2025-12-31.

For `use_container_width=True`, use `width='stretch'`. For `use_container_width=False`, use `width='content'`.
2026-05-12 21:53:29.438 Please replace `use_container_width` with `width`.

`use_container_width` will be removed after 2025-12-31.

For `use_container_width=True`, use `width='stretch'`. For `use_container_width=False`, use `width='content'`.
2026-05-12 21:53:29.565 Please replace `use_container_width` with `width`.

`use_container_width` will be removed after 2025-12-31.

For `use_container_width=True`, use `width='stretch'`. For `use_container_width=False`, use `width='content'`.
/Users/fernandozamora/Documents/Kennedy/kennedy_mira_analysis/app.py:1367: DeprecationWarning: 
folium_static is deprecated and will be removed in a future release, or
simply replaced with with st_folium which always passes
returned_objects=[] to the component.
Please try using st_folium instead, and
post an issue at https://github.com/randyzwitch/streamlit-folium/issues
if you experience issues with st_folium.

  folium_static(mapa, width=1600, height=height)
2026-05-12 21:53:30.692 Please replace `st.components.v1.html` with `st.iframe`.

`st.components.v1.html` will be removed after 2026-06-01.
/Users/fernandozamora/Documents/Kennedy/kennedy_mira_analysis/app.py:1367: DeprecationWarning: 
folium_static is deprecated and will be removed in a future release, or
simply replaced with with st_folium which always passes
returned_objects=[] to the component.
Please try using st_folium instead, and
post an issue at https://github.com/randyzwitch/streamlit-folium/issues
if you experience issues with st_folium.

  folium_static(mapa, width=1600, height=height)
2026-05-12 21:53:33.146 Please replace `st.components.v1.html` with `st.iframe`.

`st.components.v1.html` will be removed after 2026-06-01.
2026-05-12 21:53:35.080 Serialization of dataframe to Arrow table was unsuccessful. Applying automatic fixes for column types to make the dataframe Arrow-compatible.
Traceback (most recent call last):
  File "/Users/fernandozamora/Documents/Kennedy/kennedy_mira_analysis/venv/lib/python3.14/site-packages/streamlit/dataframe_util.py", line 961, in convert_pandas_df_to_arrow_bytes
    table = pa.Table.from_pandas(df)
  File "pyarrow/table.pxi", line 4768, in pyarrow.lib.Table.from_pandas
  File "/Users/fernandozamora/Documents/Kennedy/kennedy_mira_analysis/venv/lib/python3.14/site-packages/pyarrow/pandas_compat.py", line 651, in dataframe_to_arrays
    arrays = [convert_column(c, f)
              ~~~~~~~~~~~~~~^^^^^^
  File "/Users/fernandozamora/Documents/Kennedy/kennedy_mira_analysis/venv/lib/python3.14/site-packages/pyarrow/pandas_compat.py", line 639, in convert_column
    raise e
  File "/Users/fernandozamora/Documents/Kennedy/kennedy_mira_analysis/venv/lib/python3.14/site-packages/pyarrow/pandas_compat.py", line 633, in convert_column
    result = pa.array(col, type=type_, from_pandas=True, safe=safe)
  File "pyarrow/array.pxi", line 390, in pyarrow.lib.array
    result = _ndarray_to_array(values, mask, type, c_from_pandas, safe,
  File "pyarrow/array.pxi", line 91, in pyarrow.lib._ndarray_to_array
    check_status(NdarrayToArrow(pool, values, mask, from_pandas,
  File "pyarrow/error.pxi", line 92, in pyarrow.lib.check_status
pyarrow.lib.ArrowInvalid: ("Could not convert 'MT - NUEVA MARSELLA TALA DE ARBOLES (8385)' with type str: tried to convert to int64", 'Conversion failed for column Valor with type object')
2026-05-12 21:53:35.300 Please replace `use_container_width` with `width`.

`use_container_width` will be removed after 2025-12-31.

For `use_container_width=True`, use `width='stretch'`. For `use_container_width=False`, use `width='content'`.
2026-05-12 21:53:35.372 Please replace `use_container_width` with `width`.

`use_container_width` will be removed after 2025-12-31.

For `use_container_width=True`, use `width='stretch'`. For `use_container_width=False`, use `width='content'`.
2026-05-12 21:53:35.461 Please replace `use_container_width` with `width`.

`use_container_width` will be removed after 2025-12-31.

For `use_container_width=True`, use `width='stretch'`. For `use_container_width=False`, use `width='content'`.
2026-05-12 21:53:35.579 Please replace `use_container_width` with `width`.

`use_container_width` will be removed after 2025-12-31.

For `use_container_width=True`, use `width='stretch'`. For `use_container_width=False`, use `width='content'`.
2026-05-12 21:53:35.760 Please replace `use_container_width` with `width`.

`use_container_width` will be removed after 2025-12-31.

For `use_container_width=True`, use `width='stretch'`. For `use_container_width=False`, use `width='content'`.
/Users/fernandozamora/Documents/Kennedy/kennedy_mira_analysis/app.py:1382: DeprecationWarning: 
folium_static is deprecated and will be removed in a future release, or
simply replaced with with st_folium which always passes
returned_objects=[] to the component.
Please try using st_folium instead, and
post an issue at https://github.com/randyzwitch/streamlit-folium/issues
if you experience issues with st_folium.

  folium_static(mapa, width=1600, height=height)
2026-05-12 22:05:18.955 Please replace `st.components.v1.html` with `st.iframe`.

`st.components.v1.html` will be removed after 2026-06-01.
/Users/fernandozamora/Documents/Kennedy/kennedy_mira_analysis/app.py:1382: DeprecationWarning: 
folium_static is deprecated and will be removed in a future release, or
simply replaced with with st_folium which always passes
returned_objects=[] to the component.
Please try using st_folium instead, and
post an issue at https://github.com/randyzwitch/streamlit-folium/issues
if you experience issues with st_folium.

  folium_static(mapa, width=1600, height=height)
2026-05-12 22:05:19.464 Please replace `st.components.v1.html` with `st.iframe`.

`st.components.v1.html` will be removed after 2026-06-01.
2026-05-12 22:05:19.767 Serialization of dataframe to Arrow table was unsuccessful. Applying automatic fixes for column types to make the dataframe Arrow-compatible.
Traceback (most recent call last):
  File "/Users/fernandozamora/Documents/Kennedy/kennedy_mira_analysis/venv/lib/python3.14/site-packages/streamlit/dataframe_util.py", line 961, in convert_pandas_df_to_arrow_bytes
    table = pa.Table.from_pandas(df)
  File "pyarrow/table.pxi", line 4768, in pyarrow.lib.Table.from_pandas
  File "/Users/fernandozamora/Documents/Kennedy/kennedy_mira_analysis/venv/lib/python3.14/site-packages/pyarrow/pandas_compat.py", line 651, in dataframe_to_arrays
    arrays = [convert_column(c, f)
              ~~~~~~~~~~~~~~^^^^^^
  File "/Users/fernandozamora/Documents/Kennedy/kennedy_mira_analysis/venv/lib/python3.14/site-packages/pyarrow/pandas_compat.py", line 639, in convert_column
    raise e
  File "/Users/fernandozamora/Documents/Kennedy/kennedy_mira_analysis/venv/lib/python3.14/site-packages/pyarrow/pandas_compat.py", line 633, in convert_column
    result = pa.array(col, type=type_, from_pandas=True, safe=safe)
  File "pyarrow/array.pxi", line 390, in pyarrow.lib.array
    result = _ndarray_to_array(values, mask, type, c_from_pandas, safe,
  File "pyarrow/array.pxi", line 91, in pyarrow.lib._ndarray_to_array
    check_status(NdarrayToArrow(pool, values, mask, from_pandas,
  File "pyarrow/error.pxi", line 92, in pyarrow.lib.check_status
pyarrow.lib.ArrowInvalid: ("Could not convert 'MT - NUEVA MARSELLA TALA DE ARBOLES (8385)' with type str: tried to convert to int64", 'Conversion failed for column Valor with type object')
2026-05-12 22:05:19.959 Please replace `use_container_width` with `width`.

`use_container_width` will be removed after 2025-12-31.

For `use_container_width=True`, use `width='stretch'`. For `use_container_width=False`, use `width='content'`.
2026-05-12 22:05:20.064 Please replace `use_container_width` with `width`.

`use_container_width` will be removed after 2025-12-31.

For `use_container_width=True`, use `width='stretch'`. For `use_container_width=False`, use `width='content'`.
2026-05-12 22:05:20.308 Please replace `use_container_width` with `width`.

`use_container_width` will be removed after 2025-12-31.

For `use_container_width=True`, use `width='stretch'`. For `use_container_width=False`, use `width='content'`.
/Users/fernandozamora/Documents/Kennedy/kennedy_mira_analysis/app.py:1382: DeprecationWarning: 
folium_static is deprecated and will be removed in a future release, or
simply replaced with with st_folium which always passes
returned_objects=[] to the component.
Please try using st_folium instead, and
post an issue at https://github.com/randyzwitch/streamlit-folium/issues
if you experience issues with st_folium.

  folium_static(mapa, width=1600, height=height)
2026-05-12 22:05:21.982 Please replace `st.components.v1.html` with `st.iframe`.

`st.components.v1.html` will be removed after 2026-06-01.
/Users/fernandozamora/Documents/Kennedy/kennedy_mira_analysis/app.py:1382: DeprecationWarning: 
folium_static is deprecated and will be removed in a future release, or
simply replaced with with st_folium which always passes
returned_objects=[] to the component.
Please try using st_folium instead, and
post an issue at https://github.com/randyzwitch/streamlit-folium/issues
if you experience issues with st_folium.

  folium_static(mapa, width=1600, height=height)
2026-05-12 22:05:24.139 Please replace `st.components.v1.html` with `st.iframe`.

`st.components.v1.html` will be removed after 2026-06-01.
/Users/fernandozamora/Documents/Kennedy/kennedy_mira_analysis/app.py:1382: DeprecationWarning: 
folium_static is deprecated and will be removed in a future release, or
simply replaced with with st_folium which always passes
returned_objects=[] to the component.
Please try using st_folium instead, and
post an issue at https://github.com/randyzwitch/streamlit-folium/issues
if you experience issues with st_folium.

  folium_static(mapa, width=1600, height=height)
2026-05-12 22:05:24.752 Please replace `st.components.v1.html` with `st.iframe`.

`st.components.v1.html` will be removed after 2026-06-01.
2026-05-12 22:05:25.022 Serialization of dataframe to Arrow table was unsuccessful. Applying automatic fixes for column types to make the dataframe Arrow-compatible.
Traceback (most recent call last):
  File "/Users/fernandozamora/Documents/Kennedy/kennedy_mira_analysis/venv/lib/python3.14/site-packages/streamlit/dataframe_util.py", line 961, in convert_pandas_df_to_arrow_bytes
    table = pa.Table.from_pandas(df)
  File "pyarrow/table.pxi", line 4768, in pyarrow.lib.Table.from_pandas
  File "/Users/fernandozamora/Documents/Kennedy/kennedy_mira_analysis/venv/lib/python3.14/site-packages/pyarrow/pandas_compat.py", line 651, in dataframe_to_arrays
    arrays = [convert_column(c, f)
              ~~~~~~~~~~~~~~^^^^^^
  File "/Users/fernandozamora/Documents/Kennedy/kennedy_mira_analysis/venv/lib/python3.14/site-packages/pyarrow/pandas_compat.py", line 639, in convert_column
    raise e
  File "/Users/fernandozamora/Documents/Kennedy/kennedy_mira_analysis/venv/lib/python3.14/site-packages/pyarrow/pandas_compat.py", line 633, in convert_column
    result = pa.array(col, type=type_, from_pandas=True, safe=safe)
  File "pyarrow/array.pxi", line 390, in pyarrow.lib.array
    result = _ndarray_to_array(values, mask, type, c_from_pandas, safe,
  File "pyarrow/array.pxi", line 91, in pyarrow.lib._ndarray_to_array
    check_status(NdarrayToArrow(pool, values, mask, from_pandas,
  File "pyarrow/error.pxi", line 92, in pyarrow.lib.check_status
pyarrow.lib.ArrowInvalid: ("Could not convert 'MT - NUEVA MARSELLA TALA DE ARBOLES (8385)' with type str: tried to convert to int64", 'Conversion failed for column Valor with type object')
2026-05-12 22:05:25.165 Please replace `use_container_width` with `width`.

`use_container_width` will be removed after 2025-12-31.

For `use_container_width=True`, use `width='stretch'`. For `use_container_width=False`, use `width='content'`.
2026-05-12 22:05:25.238 Please replace `use_container_width` with `width`.

`use_container_width` will be removed after 2025-12-31.

For `use_container_width=True`, use `width='stretch'`. For `use_container_width=False`, use `width='content'`.
2026-05-12 22:05:25.347 Please replace `use_container_width` with `width`.

`use_container_width` will be removed after 2025-12-31.

For `use_container_width=True`, use `width='stretch'`. For `use_container_width=False`, use `width='content'`.
2026-05-12 22:05:25.525 Please replace `use_container_width` with `width`.

`use_container_width` will be removed after 2025-12-31.

For `use_container_width=True`, use `width='stretch'`. For `use_container_width=False`, use `width='content'`.
/Users/fernandozamora/Documents/Kennedy/kennedy_mira_analysis/app.py:1382: DeprecationWarning: 
folium_static is deprecated and will be removed in a future release, or
simply replaced with with st_folium which always passes
returned_objects=[] to the component.
Please try using st_folium instead, and
post an issue at https://github.com/randyzwitch/streamlit-folium/issues
if you experience issues with st_folium.

  folium_static(mapa, width=1600, height=height)
2026-05-12 22:05:27.061 Please replace `st.components.v1.html` with `st.iframe`.

`st.components.v1.html` will be removed after 2026-06-01.
/Users/fernandozamora/Documents/Kennedy/kennedy_mira_analysis/app.py:1382: DeprecationWarning: 
folium_static is deprecated and will be removed in a future release, or
simply replaced with with st_folium which always passes
returned_objects=[] to the component.
Please try using st_folium instead, and
post an issue at https://github.com/randyzwitch/streamlit-folium/issues
if you experience issues with st_folium.

  folium_static(mapa, width=1600, height=height)
2026-05-12 22:05:27.503 Please replace `st.components.v1.html` with `st.iframe`.

`st.components.v1.html` will be removed after 2026-06-01.
2026-05-12 22:05:27.763 Serialization of dataframe to Arrow table was unsuccessful. Applying automatic fixes for column types to make the dataframe Arrow-compatible.
Traceback (most recent call last):
  File "/Users/fernandozamora/Documents/Kennedy/kennedy_mira_analysis/venv/lib/python3.14/site-packages/streamlit/dataframe_util.py", line 961, in convert_pandas_df_to_arrow_bytes
    table = pa.Table.from_pandas(df)
  File "pyarrow/table.pxi", line 4768, in pyarrow.lib.Table.from_pandas
  File "/Users/fernandozamora/Documents/Kennedy/kennedy_mira_analysis/venv/lib/python3.14/site-packages/pyarrow/pandas_compat.py", line 651, in dataframe_to_arrays
    arrays = [convert_column(c, f)
              ~~~~~~~~~~~~~~^^^^^^
  File "/Users/fernandozamora/Documents/Kennedy/kennedy_mira_analysis/venv/lib/python3.14/site-packages/pyarrow/pandas_compat.py", line 639, in convert_column
    raise e
  File "/Users/fernandozamora/Documents/Kennedy/kennedy_mira_analysis/venv/lib/python3.14/site-packages/pyarrow/pandas_compat.py", line 633, in convert_column
    result = pa.array(col, type=type_, from_pandas=True, safe=safe)
  File "pyarrow/array.pxi", line 390, in pyarrow.lib.array
    result = _ndarray_to_array(values, mask, type, c_from_pandas, safe,
  File "pyarrow/array.pxi", line 91, in pyarrow.lib._ndarray_to_array
    check_status(NdarrayToArrow(pool, values, mask, from_pandas,
  File "pyarrow/error.pxi", line 92, in pyarrow.lib.check_status
pyarrow.lib.ArrowInvalid: ("Could not convert 'MT - NUEVA MARSELLA TALA DE ARBOLES (8385)' with type str: tried to convert to int64", 'Conversion failed for column Valor with type object')
2026-05-12 22:05:27.895 Please replace `use_container_width` with `width`.

`use_container_width` will be removed after 2025-12-31.

For `use_container_width=True`, use `width='stretch'`. For `use_container_width=False`, use `width='content'`.
2026-05-12 22:05:28.008 Please replace `use_container_width` with `width`.

`use_container_width` will be removed after 2025-12-31.

For `use_container_width=True`, use `width='stretch'`. For `use_container_width=False`, use `width='content'`.
2026-05-12 22:05:28.102 Please replace `use_container_width` with `width`.

`use_container_width` will be removed after 2025-12-31.

For `use_container_width=True`, use `width='stretch'`. For `use_container_width=False`, use `width='content'`.
2026-05-12 22:05:28.218 Please replace `use_container_width` with `width`.

`use_container_width` will be removed after 2025-12-31.

For `use_container_width=True`, use `width='stretch'`. For `use_container_width=False`, use `width='content'`.
2026-05-12 22:05:28.338 Please replace `use_container_width` with `width`.

`use_container_width` will be removed after 2025-12-31.

For `use_container_width=True`, use `width='stretch'`. For `use_container_width=False`, use `width='content'`.
/Users/fernandozamora/Documents/Kennedy/kennedy_mira_analysis/app.py:1382: DeprecationWarning: 
folium_static is deprecated and will be removed in a future release, or
simply replaced with with st_folium which always passes
returned_objects=[] to the component.
Please try using st_folium instead, and
post an issue at https://github.com/randyzwitch/streamlit-folium/issues
if you experience issues with st_folium.

  folium_static(mapa, width=1600, height=height)
2026-05-12 22:05:30.374 Please replace `st.components.v1.html` with `st.iframe`.

`st.components.v1.html` will be removed after 2026-06-01.
/Users/fernandozamora/Documents/Kennedy/kennedy_mira_analysis/app.py:1382: DeprecationWarning: 
folium_static is deprecated and will be removed in a future release, or
simply replaced with with st_folium which always passes
returned_objects=[] to the component.
Please try using st_folium instead, and
post an issue at https://github.com/randyzwitch/streamlit-folium/issues
if you experience issues with st_folium.

  folium_static(mapa, width=1600, height=height)
2026-05-12 22:05:30.830 Please replace `st.components.v1.html` with `st.iframe`.

`st.components.v1.html` will be removed after 2026-06-01.
2026-05-12 22:05:31.098 Serialization of dataframe to Arrow table was unsuccessful. Applying automatic fixes for column types to make the dataframe Arrow-compatible.
Traceback (most recent call last):
  File "/Users/fernandozamora/Documents/Kennedy/kennedy_mira_analysis/venv/lib/python3.14/site-packages/streamlit/dataframe_util.py", line 961, in convert_pandas_df_to_arrow_bytes
    table = pa.Table.from_pandas(df)
  File "pyarrow/table.pxi", line 4768, in pyarrow.lib.Table.from_pandas
  File "/Users/fernandozamora/Documents/Kennedy/kennedy_mira_analysis/venv/lib/python3.14/site-packages/pyarrow/pandas_compat.py", line 651, in dataframe_to_arrays
    arrays = [convert_column(c, f)
              ~~~~~~~~~~~~~~^^^^^^
  File "/Users/fernandozamora/Documents/Kennedy/kennedy_mira_analysis/venv/lib/python3.14/site-packages/pyarrow/pandas_compat.py", line 639, in convert_column
    raise e
  File "/Users/fernandozamora/Documents/Kennedy/kennedy_mira_analysis/venv/lib/python3.14/site-packages/pyarrow/pandas_compat.py", line 633, in convert_column
    result = pa.array(col, type=type_, from_pandas=True, safe=safe)
  File "pyarrow/array.pxi", line 390, in pyarrow.lib.array
    result = _ndarray_to_array(values, mask, type, c_from_pandas, safe,
  File "pyarrow/array.pxi", line 91, in pyarrow.lib._ndarray_to_array
    check_status(NdarrayToArrow(pool, values, mask, from_pandas,
  File "pyarrow/error.pxi", line 92, in pyarrow.lib.check_status
pyarrow.lib.ArrowInvalid: ("Could not convert 'MT - NUEVA MARSELLA TALA DE ARBOLES (8385)' with type str: tried to convert to int64", 'Conversion failed for column Valor with type object')
2026-05-12 22:05:31.260 Please replace `use_container_width` with `width`.

`use_container_width` will be removed after 2025-12-31.

For `use_container_width=True`, use `width='stretch'`. For `use_container_width=False`, use `width='content'`.
2026-05-12 22:05:31.335 Please replace `use_container_width` with `width`.

`use_container_width` will be removed after 2025-12-31.

For `use_container_width=True`, use `width='stretch'`. For `use_container_width=False`, use `width='content'`.
2026-05-12 22:05:31.424 Please replace `use_container_width` with `width`.

`use_container_width` will be removed after 2025-12-31.

For `use_container_width=True`, use `width='stretch'`. For `use_container_width=False`, use `width='content'`.
2026-05-12 22:05:31.661 Please replace `use_container_width` with `width`.

`use_container_width` will be removed after 2025-12-31.

For `use_container_width=True`, use `width='stretch'`. For `use_container_width=False`, use `width='content'`.
2026-05-12 22:05:31.780 Please replace `use_container_width` with `width`.

`use_container_width` will be removed after 2025-12-31.

For `use_container_width=True`, use `width='stretch'`. For `use_container_width=False`, use `width='content'`.
  Stopping...
